user_id,signup_date,plan_type,monthly_fee,avg_weekly_usage_hours,support_tickets,payment_failures,tenure_months,last_login_days_ago,churn
1,2024-05-10,Basic,199,12.7,4,1,21,83,No
2,2024-05-21,Basic,199,6.9,7,2,21,22,No
3,2024-08-13,Basic,199,7.1,5,4,18,89,Yes
4,2024-09-02,Basic,199,5.4,2,3,17,55,No
5,2024-04-20,Standard,399,7.0,3,3,22,60,Yes
6,2024-10-22,Premium,699,8.5,5,1,16,4,No
7,2022-06-11,Premium,699,13.5,7,3,44,62,Yes
8,2022-08-05,Premium,699,9.1,8,4,43,15,Yes
9,2023-10-10,Basic,199,15.2,0,2,28,5,No
10,2022-07-20,Premium,699,14.7,7,3,43,34,Yes
11,2023-11-15,Standard,399,14.2,0,2,27,47,No
12,2024-02-06,Standard,399,11.5,6,2,24,9,Yes
13,2024-05-13,Standard,399,2.9,3,4,21,23,Yes
14,2023-08-01,Premium,699,15.2,9,4,31,62,No
15,2022-07-09,Basic,199,8.7,8,3,44,77,Yes
16,2023-11-15,Standard,399,8.2,7,2,27,32,Yes
17,2023-07-18,Premium,699,14.1,2,0,31,56,No
18,2024-05-04,Standard,399,4.7,4,0,21,1,Yes
19,2022-09-04,Standard,399,15.7,0,4,42,70,Yes
20,2023-04-09,Standard,399,13.8,2,3,34,59,No
21,2023-05-04,Basic,199,5.4,1,0,34,11,Yes
22,2022-09-20,Premium,699,17.7,9,0,41,60,No
23,2024-10-11,Premium,699,3.8,2,3,16,24,No
24,2022-04-14,Premium,699,3.4,3,2,46,89,Yes
25,2022-12-04,Basic,199,0.5,8,3,39,33,Yes
26,2023-02-05,Basic,199,6.0,0,3,37,59,Yes
27,2023-07-17,Premium,699,11.4,1,4,31,30,No
28,2024-03-26,Basic,199,14.1,2,3,23,35,Yes
29,2024-12-05,Standard,399,8.9,8,4,14,24,Yes
30,2022-07-10,Premium,699,13.6,4,0,44,67,No
31,2023-07-24,Premium,699,13.2,6,1,31,27,No
32,2022-09-03,Premium,699,4.6,6,4,42,42,No
33,2024-06-21,Premium,699,17.2,0,3,20,87,Yes
34,2022-02-20,Standard,399,10.0,8,1,48,63,No
35,2023-11-13,Basic,199,7.6,4,0,27,8,Yes
36,2024-02-13,Standard,399,15.4,3,2,24,55,Yes
37,2023-10-19,Premium,699,3.5,9,1,28,62,Yes
38,2023-05-28,Basic,199,0.5,1,0,33,1,No
39,2024-02-29,Standard,399,4.1,5,0,24,29,Yes
40,2024-08-15,Basic,199,11.1,3,4,18,76,No
41,2022-12-23,Basic,199,18.2,4,3,38,34,Yes
42,2023-05-31,Standard,399,2.8,7,1,33,32,Yes
43,2024-08-14,Standard,399,13.4,2,0,18,33,Yes
44,2022-01-12,Basic,199,10.4,1,4,50,35,Yes
45,2024-10-18,Standard,399,7.1,3,1,16,75,No
46,2024-01-31,Premium,699,14.2,3,1,25,73,No
47,2024-09-04,Standard,399,12.5,6,4,17,12,Yes
48,2022-03-03,Basic,199,2.4,3,0,48,86,Yes
49,2023-03-21,Basic,199,11.6,3,2,35,16,No
50,2024-06-09,Basic,199,9.3,4,3,20,53,Yes
51,2024-07-23,Standard,399,11.6,1,3,19,9,Yes
52,2022-06-19,Basic,199,18.4,8,1,44,27,Yes
53,2023-05-15,Basic,199,11.4,3,3,33,70,Yes
54,2023-12-15,Standard,399,9.1,9,2,26,39,Yes
55,2023-04-21,Standard,399,13.2,6,0,34,3,No
56,2024-04-03,Basic,199,12.7,0,4,22,6,Yes
57,2022-03-21,Basic,199,11.1,4,3,47,19,Yes
58,2023-10-18,Standard,399,10.1,6,0,28,75,No
59,2024-08-29,Premium,699,8.5,9,3,18,36,Yes
60,2022-02-10,Basic,199,6.3,3,2,49,63,No
61,2024-01-02,Premium,699,6.8,2,4,26,6,Yes
62,2024-04-03,Standard,399,8.0,1,2,22,5,No
63,2022-08-12,Premium,699,6.9,0,4,42,33,Yes
64,2023-06-02,Basic,199,17.2,0,4,33,5,Yes
65,2022-03-24,Premium,699,8.4,0,2,47,45,Yes
66,2022-02-03,Standard,399,2.0,7,1,49,34,Yes
67,2022-08-24,Premium,699,15.1,8,0,42,47,Yes
68,2024-02-03,Premium,699,10.8,1,1,24,82,No
69,2022-09-06,Premium,699,17.5,6,1,42,51,No
70,2024-02-24,Premium,699,10.4,3,4,24,34,Yes
71,2022-04-21,Standard,399,4.5,7,0,46,67,No
72,2024-12-10,Standard,399,12.4,2,4,14,5,Yes
73,2023-10-07,Standard,399,2.8,1,0,28,78,No
74,2022-02-16,Basic,199,9.0,8,2,48,63,Yes
75,2023-12-20,Basic,199,14.0,9,3,26,87,Yes
76,2024-06-01,Basic,199,10.3,6,2,20,23,No
77,2024-03-16,Basic,199,2.0,8,4,23,28,Yes
78,2024-03-22,Basic,199,11.0,8,0,23,13,Yes
79,2022-04-21,Standard,399,17.8,7,0,46,83,No
80,2022-11-11,Basic,199,12.8,5,4,39,33,Yes
81,2024-04-22,Standard,399,10.9,3,0,22,51,No
82,2024-11-15,Standard,399,14.5,2,4,15,44,Yes
83,2023-06-16,Basic,199,7.7,9,4,32,11,Yes
84,2022-01-10,Basic,199,8.5,4,1,50,44,No
85,2022-11-25,Basic,199,12.6,7,2,39,49,Yes
86,2023-08-11,Premium,699,17.2,2,2,30,1,No
87,2024-05-22,Premium,699,13.8,2,4,21,37,Yes
88,2024-12-01,Basic,199,13.2,8,1,14,40,No
89,2024-11-12,Standard,399,20.0,0,0,15,66,No
90,2022-07-17,Standard,399,2.1,5,2,43,7,No
91,2023-04-23,Basic,199,10.9,5,0,34,27,Yes
92,2023-06-01,Standard,399,11.2,9,0,33,38,Yes
93,2022-01-15,Standard,399,7.8,3,3,49,45,Yes
94,2022-03-10,Standard,399,11.9,3,2,48,74,Yes
95,2022-12-12,Standard,399,10.9,8,0,38,60,Yes
96,2022-05-07,Premium,699,23.2,9,0,46,31,Yes
97,2024-03-24,Premium,699,6.9,3,0,23,1,No
98,2023-10-23,Standard,399,7.5,8,4,28,9,Yes
99,2022-09-01,Basic,199,14.1,1,1,42,34,No
100,2024-02-02,Basic,199,10.4,2,0,24,71,Yes
101,2022-10-12,Basic,199,19.2,1,4,40,49,Yes
102,2023-07-15,Basic,199,15.6,6,0,31,13,No
103,2022-02-01,Premium,699,21.3,7,2,49,18,Yes
104,2024-08-04,Standard,399,7.1,3,0,18,8,No
105,2022-06-11,Basic,199,8.2,1,4,44,8,Yes
106,2022-11-24,Standard,399,9.7,5,0,39,67,No
107,2022-04-06,Standard,399,10.1,3,3,47,37,Yes
108,2022-11-26,Basic,199,10.3,6,0,39,23,Yes
109,2023-12-01,Premium,699,12.6,4,3,27,11,Yes
110,2022-09-18,Basic,199,11.3,4,0,41,53,No
111,2023-08-16,Premium,699,9.8,6,0,30,81,No
112,2023-05-09,Standard,399,15.5,3,1,33,58,No
113,2024-04-17,Standard,399,1.9,0,4,22,25,Yes
114,2022-01-27,Basic,199,12.8,8,2,49,40,Yes
115,2024-07-10,Standard,399,17.0,1,3,19,54,Yes
116,2022-05-29,Basic,199,7.5,7,2,45,36,Yes
117,2023-09-15,Standard,399,1.2,3,2,29,81,No
118,2022-06-03,Basic,199,9.4,1,4,45,73,Yes
119,2022-02-11,Standard,399,6.0,1,4,48,44,Yes
120,2024-03-27,Basic,199,9.6,0,1,23,57,Yes
121,2022-08-04,Standard,399,13.5,0,4,43,80,Yes
122,2023-05-04,Basic,199,16.4,9,1,34,16,Yes
123,2022-12-01,Premium,699,4.6,7,1,39,59,No
124,2023-02-06,Premium,699,15.3,9,0,36,14,Yes
125,2024-03-15,Basic,199,0.5,6,3,23,39,Yes
126,2023-12-23,Basic,199,16.5,0,4,26,42,Yes
127,2022-09-08,Premium,699,10.4,2,2,42,39,Yes
128,2022-11-14,Basic,199,15.3,4,3,39,57,No
129,2022-12-06,Basic,199,5.6,2,4,39,14,Yes
130,2023-03-08,Standard,399,14.0,0,4,36,79,Yes
131,2022-03-02,Basic,199,12.8,6,2,48,62,Yes
132,2024-06-03,Premium,699,2.3,2,4,20,74,Yes
133,2022-02-23,Premium,699,8.1,1,1,48,62,No
134,2024-02-20,Standard,399,4.1,7,4,24,89,Yes
135,2023-09-27,Premium,699,12.7,4,2,29,59,No
136,2024-07-02,Basic,199,15.4,5,4,19,60,No
137,2022-08-12,Basic,199,14.5,2,1,42,40,No
138,2022-12-02,Premium,699,10.2,7,3,39,59,No
139,2022-12-22,Standard,399,16.9,6,4,38,45,Yes
140,2022-03-23,Basic,199,13.2,3,1,47,78,No
141,2024-12-05,Basic,199,13.3,7,1,14,60,Yes
142,2023-08-09,Basic,199,0.5,8,1,30,63,Yes
143,2024-07-04,Premium,699,7.8,0,3,19,22,Yes
144,2022-07-29,Basic,199,11.0,1,4,43,76,Yes
145,2024-06-25,Basic,199,7.8,2,2,20,58,Yes
146,2023-05-31,Standard,399,15.6,0,2,33,13,No
147,2024-06-02,Premium,699,12.3,3,2,20,27,No
148,2024-09-15,Basic,199,12.9,4,4,17,59,Yes
149,2023-07-24,Basic,199,8.8,2,0,31,25,No
150,2024-12-19,Standard,399,11.8,8,0,14,53,Yes
151,2022-12-15,Basic,199,11.0,8,0,38,84,Yes
152,2024-10-10,Basic,199,13.5,4,4,16,2,Yes
153,2022-10-01,Basic,199,5.3,5,2,41,45,No
154,2024-02-18,Premium,699,18.1,5,2,24,88,Yes
155,2023-08-15,Standard,399,2.6,0,1,30,40,No
156,2024-03-11,Standard,399,9.6,8,4,23,30,Yes
157,2024-05-20,Basic,199,13.2,1,1,21,44,No
158,2022-01-09,Standard,399,5.1,5,0,50,32,No
159,2022-04-21,Premium,699,10.6,9,1,46,3,Yes
160,2024-11-01,Standard,399,14.8,6,3,15,13,Yes
161,2023-11-16,Standard,399,12.6,6,2,27,44,No
162,2022-11-08,Basic,199,7.1,8,2,40,3,Yes
163,2022-12-19,Standard,399,8.3,4,1,38,61,No
164,2023-06-16,Standard,399,11.8,7,1,32,49,Yes
165,2023-08-01,Basic,199,16.6,6,1,31,58,Yes
166,2022-01-21,Standard,399,12.2,0,2,49,26,No
167,2024-07-28,Basic,199,11.2,4,4,19,38,Yes
168,2023-05-19,Standard,399,0.5,6,0,33,84,Yes
169,2022-01-28,Basic,199,14.0,0,3,49,56,Yes
170,2023-09-22,Premium,699,3.8,9,4,29,10,Yes
171,2024-08-29,Standard,399,5.8,3,3,18,37,Yes
172,2022-06-05,Standard,399,12.6,5,3,45,61,Yes
173,2022-10-09,Basic,199,13.7,4,0,40,51,Yes
174,2022-05-06,Premium,699,9.6,1,0,46,50,No
175,2023-03-03,Basic,199,20.4,3,4,36,52,Yes
176,2022-05-09,Premium,699,9.3,6,4,46,5,Yes
177,2023-03-03,Premium,699,9.8,0,1,36,8,No
178,2022-12-11,Basic,199,20.0,3,0,38,1,No
179,2024-10-06,Standard,399,1.9,0,0,16,89,No
180,2023-05-04,Standard,399,14.7,3,1,34,4,No
181,2024-09-27,Premium,699,13.9,0,0,17,85,No
182,2024-07-05,Basic,199,8.0,2,3,19,89,Yes
183,2024-05-16,Basic,199,12.3,1,0,21,3,No
184,2023-09-21,Premium,699,4.8,9,0,29,12,Yes
185,2022-02-12,Standard,399,13.4,1,3,48,43,Yes
186,2023-02-03,Standard,399,12.9,8,3,37,75,Yes
187,2024-08-21,Basic,199,5.6,2,1,18,36,No
188,2022-03-31,Premium,699,5.1,8,2,47,7,Yes
189,2022-11-08,Standard,399,7.2,7,3,40,84,Yes
190,2023-07-13,Basic,199,12.6,6,4,31,86,Yes
191,2023-11-13,Basic,199,8.6,9,2,27,37,No
192,2024-05-06,Standard,399,13.8,1,2,21,36,No
193,2023-04-28,Basic,199,9.6,4,0,34,22,No
194,2023-10-12,Standard,399,15.5,8,4,28,57,Yes
195,2023-09-29,Standard,399,14.9,6,3,29,46,Yes
196,2024-10-02,Basic,199,15.5,3,4,16,36,Yes
197,2023-12-09,Basic,199,16.2,4,3,26,27,Yes
198,2023-01-16,Standard,399,8.9,9,2,37,86,Yes
199,2022-12-20,Standard,399,0.5,5,3,38,58,Yes
200,2022-07-27,Basic,199,6.9,9,0,43,55,Yes
201,2022-08-25,Premium,699,6.2,4,3,42,70,No
202,2023-04-05,Standard,399,13.9,5,3,35,14,Yes
203,2024-02-09,Basic,199,10.4,2,3,24,62,Yes
204,2022-05-23,Premium,699,13.5,5,3,45,12,Yes
205,2022-05-14,Basic,199,8.2,8,4,45,35,Yes
206,2022-09-23,Premium,699,7.7,8,1,41,25,Yes
207,2022-12-02,Basic,199,6.7,2,2,39,41,No
208,2024-07-05,Basic,199,12.6,1,3,19,25,Yes
209,2022-04-02,Basic,199,10.3,1,4,47,60,Yes
210,2023-10-25,Standard,399,0.5,2,2,28,5,No
211,2023-11-21,Basic,199,10.7,8,2,27,9,Yes
212,2023-02-04,Basic,199,8.3,0,3,37,4,Yes
213,2024-03-30,Basic,199,14.8,1,4,23,63,Yes
214,2023-03-31,Standard,399,12.1,4,4,35,86,Yes
215,2024-01-12,Standard,399,14.3,9,4,25,65,Yes
216,2022-06-22,Basic,199,6.0,3,0,44,60,No
217,2023-09-21,Basic,199,4.0,3,3,29,82,Yes
218,2022-01-21,Standard,399,9.8,9,4,49,64,Yes
219,2022-01-29,Standard,399,11.6,7,4,49,28,No
220,2022-03-20,Standard,399,9.2,0,3,47,87,Yes
221,2022-04-11,Standard,399,14.0,2,2,47,24,No
222,2023-01-01,Basic,199,16.1,3,2,38,52,No
223,2024-02-12,Basic,199,15.9,9,3,24,81,Yes
224,2024-08-03,Basic,199,13.6,2,0,18,36,No
225,2023-01-13,Standard,399,14.8,9,4,37,36,Yes
226,2022-12-17,Standard,399,9.7,1,2,38,10,No
227,2023-05-03,Basic,199,1.3,8,1,34,22,Yes
228,2022-04-23,Standard,399,0.5,7,4,46,32,Yes
229,2022-05-29,Standard,399,8.8,7,3,45,75,Yes
230,2024-02-09,Standard,399,18.0,4,3,24,27,Yes
231,2022-10-05,Basic,199,21.5,7,2,41,63,Yes
232,2022-05-16,Premium,699,15.4,9,1,45,16,No
233,2024-05-23,Basic,199,3.5,4,2,21,27,No
234,2024-07-20,Standard,399,15.4,5,1,19,58,No
235,2024-11-09,Basic,199,5.6,6,2,15,58,No
236,2023-06-20,Standard,399,7.8,5,2,32,26,No
237,2023-02-09,Standard,399,7.9,0,3,36,14,Yes
238,2024-02-05,Standard,399,4.1,7,1,24,30,No
239,2022-07-30,Standard,399,9.1,9,4,43,31,Yes
240,2022-04-23,Basic,199,7.7,6,0,46,18,Yes
241,2024-08-28,Premium,699,5.5,0,0,18,70,No
242,2022-03-19,Basic,199,15.3,6,0,47,16,No
243,2022-09-11,Basic,199,18.4,2,4,41,19,No
244,2022-02-18,Basic,199,13.7,4,1,48,64,Yes
245,2024-01-13,Basic,199,8.6,3,0,25,36,No
246,2024-06-21,Basic,199,5.0,2,3,20,14,Yes
247,2022-07-24,Standard,399,6.4,3,2,43,84,No
248,2023-11-21,Basic,199,7.6,0,2,27,7,Yes
249,2024-08-01,Standard,399,2.2,8,4,18,58,Yes
250,2022-11-01,Basic,199,7.4,2,2,40,89,No
251,2022-06-10,Basic,199,7.9,9,0,45,71,No
252,2022-01-28,Basic,199,7.3,9,2,49,41,Yes
253,2023-09-02,Basic,199,3.7,1,0,30,66,No
254,2023-08-11,Standard,399,9.7,7,3,30,59,Yes
255,2023-01-26,Basic,199,10.6,3,3,37,86,Yes
256,2024-02-21,Basic,199,15.3,8,1,24,28,Yes
257,2024-12-03,Standard,399,9.1,5,3,14,23,Yes
258,2023-05-19,Premium,699,26.0,9,3,33,41,Yes
259,2022-08-26,Basic,199,3.9,3,3,42,2,No
260,2022-02-09,Basic,199,10.6,5,0,49,1,No
261,2023-11-19,Standard,399,9.0,5,2,27,32,No
262,2023-07-29,Basic,199,4.2,6,4,31,21,No
263,2022-09-04,Premium,699,11.9,2,0,42,68,No
264,2023-10-07,Basic,199,6.1,2,4,28,9,Yes
265,2024-07-31,Basic,199,3.4,7,1,18,86,Yes
266,2022-07-09,Standard,399,15.4,0,4,44,35,Yes
267,2024-06-14,Standard,399,15.0,2,0,20,84,Yes
268,2022-09-05,Basic,199,7.8,6,0,42,20,No
269,2022-07-10,Basic,199,14.3,5,4,44,57,No
270,2023-07-05,Premium,699,8.1,8,2,32,77,No
271,2024-06-06,Basic,199,3.4,4,2,20,19,Yes
272,2022-10-08,Standard,399,7.1,7,1,41,87,No
273,2022-10-11,Premium,699,5.3,6,0,40,19,Yes
274,2023-11-07,Standard,399,15.4,7,0,27,30,Yes
275,2024-03-31,Premium,699,4.7,8,3,23,68,Yes
276,2023-11-26,Basic,199,4.7,0,3,27,35,Yes
277,2024-10-09,Standard,399,14.9,7,0,16,8,Yes
278,2023-07-13,Standard,399,12.5,8,2,31,26,Yes
279,2023-05-20,Standard,399,4.9,6,3,33,28,No
280,2022-12-13,Basic,199,13.9,6,0,38,1,No
281,2023-07-27,Premium,699,6.9,7,2,31,65,Yes
282,2024-01-19,Standard,399,9.8,3,0,25,13,No
283,2023-07-09,Basic,199,7.6,6,4,31,49,Yes
284,2024-03-27,Basic,199,13.9,8,0,23,88,Yes
285,2024-02-18,Basic,199,9.7,0,3,24,19,Yes
286,2023-08-25,Standard,399,7.0,6,3,30,69,Yes
287,2023-12-28,Basic,199,14.1,0,3,26,82,Yes
288,2022-11-28,Premium,699,4.0,9,2,39,15,Yes
289,2024-06-28,Standard,399,13.5,8,3,20,3,Yes
290,2022-10-23,Basic,199,11.2,1,0,40,41,No
291,2024-09-12,Standard,399,9.1,7,0,17,38,Yes
292,2023-01-10,Standard,399,2.6,8,4,37,30,No
293,2024-04-26,Premium,699,8.2,9,2,22,57,Yes
294,2024-07-21,Standard,399,11.2,6,3,19,37,Yes
295,2024-07-02,Basic,199,2.9,0,0,19,38,No
296,2024-04-12,Premium,699,16.1,3,0,22,50,Yes
297,2022-03-16,Standard,399,1.2,5,2,47,15,Yes
298,2022-06-19,Premium,699,2.7,4,2,44,87,No
299,2024-03-07,Standard,399,2.3,5,3,23,69,Yes
300,2022-12-09,Premium,699,2.6,2,2,38,42,No
301,2022-12-07,Basic,199,3.7,6,3,39,1,Yes
302,2022-05-19,Standard,399,5.7,3,2,45,17,No
303,2024-02-01,Basic,199,18.6,7,3,24,5,Yes
304,2022-09-24,Premium,699,8.6,5,4,41,47,Yes
305,2024-09-03,Basic,199,8.2,9,3,17,70,No
306,2024-05-13,Standard,399,19.8,5,1,21,75,No
307,2023-12-16,Basic,199,8.9,0,2,26,53,No
308,2024-02-11,Premium,699,13.4,6,4,24,35,Yes
309,2024-05-30,Standard,399,4.9,5,2,21,59,No
310,2023-12-21,Basic,199,6.0,1,4,26,86,Yes
311,2022-07-13,Basic,199,16.1,8,2,43,19,No
312,2022-01-25,Basic,199,5.7,4,0,49,15,No
313,2022-07-20,Premium,699,12.9,1,0,43,34,No
314,2024-06-28,Standard,399,12.2,1,4,20,61,Yes
315,2022-06-11,Basic,199,13.3,1,1,44,13,Yes
316,2024-06-22,Premium,699,14.7,6,2,20,53,No
317,2024-02-20,Basic,199,1.7,8,0,24,86,No
318,2023-10-22,Standard,399,16.0,1,1,28,28,No
319,2024-11-19,Basic,199,4.2,6,1,15,12,No
320,2022-12-20,Basic,199,10.3,8,3,38,49,Yes
321,2022-10-21,Basic,199,10.9,7,0,40,6,Yes
322,2023-07-31,Basic,199,14.5,2,0,31,27,No
323,2024-03-29,Premium,699,14.3,7,3,23,51,Yes
324,2023-09-24,Basic,199,9.3,6,1,29,47,No
325,2024-07-17,Standard,399,6.7,3,0,19,73,No
326,2024-03-20,Standard,399,8.0,0,4,23,48,Yes
327,2022-08-15,Basic,199,7.5,8,4,42,82,Yes
328,2024-08-09,Basic,199,9.3,5,0,18,87,No
329,2022-10-01,Basic,199,10.7,5,0,41,21,No
330,2022-04-28,Basic,199,8.3,5,1,46,53,No
331,2024-05-17,Basic,199,5.7,5,3,21,24,Yes
332,2022-04-29,Basic,199,16.0,0,3,46,58,Yes
333,2023-10-27,Basic,199,10.5,3,0,28,12,No
334,2023-09-15,Standard,399,17.7,2,0,29,32,No
335,2024-12-04,Premium,699,2.0,2,4,14,29,Yes
336,2023-05-31,Standard,399,5.9,9,0,33,5,Yes
337,2022-10-05,Standard,399,3.7,6,1,41,57,No
338,2022-09-24,Standard,399,6.9,4,3,41,28,No
339,2023-07-13,Basic,199,10.8,9,0,31,5,Yes
340,2023-02-26,Standard,399,8.1,1,4,36,21,No
341,2023-12-15,Premium,699,9.1,2,4,26,8,Yes
342,2022-11-29,Premium,699,3.4,1,2,39,28,Yes
343,2023-07-14,Standard,399,12.7,8,3,31,11,Yes
344,2022-06-03,Basic,199,9.4,5,3,45,29,No
345,2023-03-26,Standard,399,9.5,9,3,35,65,No
346,2022-04-03,Premium,699,12.0,5,3,47,9,Yes
347,2022-06-20,Standard,399,10.3,5,4,44,27,Yes
348,2023-10-29,Basic,199,3.4,1,2,28,1,No
349,2024-09-06,Basic,199,9.6,9,0,17,18,Yes
350,2024-08-18,Standard,399,6.6,1,0,18,58,No
351,2022-11-11,Basic,199,8.0,3,4,39,11,Yes
352,2023-12-01,Premium,699,13.4,6,1,27,40,No
353,2022-03-25,Premium,699,2.7,7,0,47,19,Yes
354,2022-09-28,Basic,199,9.9,2,4,41,1,No
355,2024-09-20,Basic,199,6.7,3,2,17,34,No
356,2022-10-06,Basic,199,16.1,4,4,41,62,Yes
357,2023-11-11,Standard,399,6.3,3,2,27,51,Yes
358,2023-02-24,Basic,199,4.9,8,4,36,13,Yes
359,2022-07-25,Standard,399,8.2,5,3,43,39,Yes
360,2022-09-29,Basic,199,5.9,6,1,41,74,No
361,2024-09-03,Standard,399,13.3,3,0,17,21,No
362,2023-07-17,Standard,399,2.5,3,0,31,88,Yes
363,2024-10-21,Basic,199,7.9,1,2,16,41,No
364,2022-09-02,Basic,199,14.7,2,0,42,63,No
365,2022-07-11,Standard,399,0.5,3,3,44,18,Yes
366,2023-11-05,Premium,699,9.6,6,3,27,88,Yes
367,2022-12-05,Premium,699,1.1,5,4,39,64,Yes
368,2023-03-28,Premium,699,6.7,6,1,35,22,No
369,2023-01-10,Basic,199,16.1,2,2,37,82,Yes
370,2022-11-27,Basic,199,11.3,4,2,39,12,No
371,2024-04-25,Standard,399,2.8,0,1,22,19,Yes
372,2023-03-28,Basic,199,13.0,0,4,35,84,Yes
373,2024-01-30,Standard,399,9.9,9,0,25,66,Yes
374,2023-03-01,Standard,399,8.7,0,2,36,49,No
375,2022-07-27,Basic,199,14.0,5,1,43,43,Yes
376,2022-01-20,Premium,699,20.6,8,3,49,19,No
377,2022-03-14,Premium,699,14.1,8,2,47,59,No
378,2022-09-23,Basic,199,17.7,4,2,41,22,Yes
379,2023-02-18,Standard,399,5.7,0,4,36,68,No
380,2022-02-15,Basic,199,18.5,9,0,48,74,Yes
381,2023-01-02,Premium,699,7.8,8,2,38,26,Yes
382,2022-07-31,Standard,399,2.0,7,0,43,23,Yes
383,2022-03-10,Basic,199,5.1,9,0,48,75,Yes
384,2023-10-01,Premium,699,0.6,2,3,29,59,Yes
385,2024-10-11,Standard,399,10.8,2,1,16,81,No
386,2024-03-06,Standard,399,18.6,0,4,23,9,Yes
387,2022-05-03,Premium,699,7.0,3,1,46,37,No
388,2023-05-27,Standard,399,18.6,9,0,33,77,Yes
389,2024-09-14,Standard,399,11.3,5,1,17,1,Yes
390,2023-12-15,Standard,399,8.1,4,1,26,71,No
391,2024-08-21,Standard,399,5.0,7,1,18,23,Yes
392,2023-06-28,Premium,699,4.4,6,4,32,36,Yes
393,2024-05-30,Basic,199,8.9,2,4,21,35,Yes
394,2022-03-17,Premium,699,5.7,6,2,47,30,No
395,2023-10-15,Basic,199,6.2,6,4,28,17,Yes
396,2023-10-24,Premium,699,17.4,5,0,28,30,Yes
397,2024-08-31,Premium,699,11.6,2,3,17,34,Yes
398,2024-01-28,Basic,199,5.6,2,3,25,24,Yes
399,2022-01-19,Standard,399,5.8,9,0,49,29,No
400,2022-08-27,Standard,399,18.6,0,4,42,64,No
401,2022-11-01,Basic,199,15.5,6,4,40,65,Yes
402,2023-02-20,Standard,399,13.6,9,3,36,16,Yes
403,2023-05-20,Premium,699,8.7,2,0,33,71,Yes
404,2023-03-05,Premium,699,11.7,2,2,36,53,No
405,2023-01-19,Basic,199,8.6,8,3,37,79,Yes
406,2023-07-11,Basic,199,14.7,5,3,31,64,Yes
407,2022-07-25,Basic,199,6.9,3,2,43,60,No
408,2024-06-16,Standard,399,9.1,0,0,20,31,No
409,2022-09-07,Standard,399,16.0,6,1,42,81,Yes
410,2024-06-13,Basic,199,23.8,5,4,20,58,Yes
411,2024-03-14,Standard,399,10.7,9,3,23,42,Yes
412,2024-11-29,Standard,399,15.8,1,3,14,10,Yes
413,2023-01-31,Standard,399,0.9,0,0,37,67,No
414,2023-11-16,Basic,199,0.5,4,1,27,13,No
415,2024-09-01,Basic,199,9.2,6,3,17,84,Yes
416,2024-12-29,Basic,199,16.5,4,2,13,79,Yes
417,2024-06-20,Standard,399,3.2,7,4,20,71,No
418,2024-06-11,Basic,199,8.4,5,2,20,20,No
419,2023-07-27,Premium,699,4.9,3,2,31,59,No
420,2023-05-23,Basic,199,8.8,4,2,33,86,No
421,2024-09-18,Standard,399,6.1,9,2,17,3,Yes
422,2023-01-18,Standard,399,8.0,2,2,37,66,No
423,2022-07-30,Basic,199,8.4,1,3,43,69,Yes
424,2022-06-19,Standard,399,14.8,3,0,44,14,No
425,2023-11-25,Standard,399,12.8,4,3,27,5,No
426,2024-07-06,Basic,199,9.2,2,0,19,64,No
427,2023-02-10,Basic,199,19.9,1,3,36,50,Yes
428,2023-06-16,Premium,699,7.3,5,2,32,28,No
429,2024-03-15,Basic,199,12.2,5,1,23,75,No
430,2024-10-28,Basic,199,15.2,7,1,16,30,Yes
431,2023-06-03,Standard,399,12.2,7,2,33,53,Yes
432,2023-04-10,Basic,199,10.0,6,0,34,8,No
433,2023-01-15,Basic,199,11.7,2,2,37,50,Yes
434,2022-02-19,Standard,399,11.5,5,1,48,32,Yes
435,2023-08-07,Premium,699,1.5,7,2,30,64,Yes
436,2024-12-08,Basic,199,7.7,3,4,14,13,Yes
437,2022-06-15,Basic,199,9.8,6,2,44,46,Yes
438,2022-08-26,Standard,399,5.8,7,2,42,44,Yes
439,2024-09-17,Standard,399,17.7,4,1,17,9,No
440,2024-08-29,Standard,399,6.3,7,0,18,15,Yes
441,2024-11-21,Standard,399,8.6,4,1,15,77,No
442,2023-03-20,Standard,399,14.2,6,0,35,48,No
443,2022-12-11,Standard,399,14.6,0,0,38,6,No
444,2022-11-06,Standard,399,10.2,3,3,40,39,Yes
445,2022-04-30,Basic,199,7.1,2,4,46,80,No
446,2022-07-04,Standard,399,5.8,5,2,44,10,Yes
447,2022-12-15,Standard,399,7.3,8,0,38,31,Yes
448,2023-06-09,Basic,199,12.4,9,1,32,49,Yes
449,2024-06-29,Standard,399,6.8,7,1,20,23,Yes
450,2022-06-05,Premium,699,5.4,8,4,45,16,Yes
451,2022-01-13,Standard,399,7.4,1,4,49,43,Yes
452,2023-09-20,Standard,399,16.9,8,3,29,74,Yes
453,2022-11-04,Basic,199,13.2,8,3,40,78,Yes
454,2022-04-17,Standard,399,13.8,7,1,46,62,Yes
455,2023-05-21,Basic,199,13.4,6,1,33,37,No
456,2022-08-15,Basic,199,19.2,2,2,42,88,No
457,2023-10-30,Premium,699,18.5,7,3,28,66,Yes
458,2022-06-26,Basic,199,15.4,3,1,44,13,No
459,2022-03-24,Standard,399,4.6,7,2,47,28,No
460,2024-08-25,Premium,699,3.6,7,1,18,4,Yes
461,2023-04-17,Standard,399,6.8,1,2,34,24,No
462,2024-10-30,Premium,699,0.5,2,2,15,24,No
463,2022-09-28,Basic,199,15.5,9,1,41,87,No
464,2022-05-09,Standard,399,9.4,5,0,46,66,No
465,2023-09-20,Standard,399,11.8,0,3,29,38,Yes
466,2024-11-14,Standard,399,7.1,4,0,15,5,Yes
467,2023-04-16,Basic,199,12.7,2,2,34,40,No
468,2023-05-18,Basic,199,11.0,4,1,33,53,Yes
469,2023-08-08,Premium,699,11.0,7,3,30,51,Yes
470,2024-06-09,Basic,199,11.3,7,4,20,54,Yes
471,2023-11-05,Premium,699,7.9,7,4,27,1,Yes
472,2022-01-22,Premium,699,19.4,5,2,49,80,No
473,2023-10-19,Basic,199,7.8,5,2,28,14,No
474,2022-09-26,Premium,699,15.2,0,4,41,35,Yes
475,2024-10-25,Standard,399,4.5,1,1,16,4,No
476,2023-01-19,Basic,199,5.9,6,2,37,63,No
477,2022-05-02,Basic,199,12.0,0,2,46,50,No
478,2024-04-05,Standard,399,12.1,4,3,22,40,Yes
479,2022-08-25,Standard,399,7.3,7,2,42,31,Yes
480,2023-01-06,Premium,699,11.4,6,1,38,57,Yes
481,2024-05-31,Basic,199,6.3,1,2,20,45,Yes
482,2023-05-09,Premium,699,19.1,3,4,33,23,Yes
483,2023-04-02,Standard,399,13.4,7,2,35,63,Yes
484,2024-04-28,Premium,699,1.2,8,2,22,5,Yes
485,2022-05-30,Basic,199,6.5,9,2,45,9,Yes
486,2024-04-20,Basic,199,14.3,6,1,22,83,No
487,2022-01-30,Standard,399,7.7,7,0,49,74,Yes
488,2024-11-14,Basic,199,11.7,2,3,15,48,Yes
489,2023-11-16,Premium,699,4.6,1,3,27,42,Yes
490,2023-04-28,Basic,199,5.5,4,2,34,16,No
491,2022-10-31,Basic,199,5.1,3,1,40,59,No
492,2023-12-04,Premium,699,17.1,6,3,26,12,Yes
493,2024-09-07,Basic,199,2.8,6,1,17,71,No
494,2022-07-14,Standard,399,14.3,3,3,43,19,Yes
495,2022-10-12,Premium,699,7.7,3,1,40,22,Yes
496,2024-11-19,Premium,699,6.5,2,1,15,13,No
497,2023-11-23,Basic,199,8.4,6,2,27,19,No
498,2022-05-28,Premium,699,13.1,8,3,45,50,Yes
499,2024-09-15,Basic,199,11.2,3,2,17,31,No
500,2022-10-15,Premium,699,0.5,1,2,40,10,No
501,2022-05-24,Standard,399,9.4,7,0,45,11,Yes
502,2023-08-30,Premium,699,10.2,0,0,30,75,No
503,2023-09-10,Basic,199,12.3,3,3,29,19,Yes
504,2022-01-12,Premium,699,16.5,2,1,50,27,No
505,2022-01-30,Standard,399,5.0,9,3,49,42,Yes
506,2023-02-25,Basic,199,8.3,5,4,36,22,Yes
507,2022-01-12,Premium,699,7.9,8,1,50,48,Yes
508,2024-07-11,Standard,399,0.5,1,0,19,78,No
509,2022-05-05,Standard,399,9.7,4,1,46,88,No
510,2022-02-05,Standard,399,9.0,3,4,49,56,Yes
511,2022-07-14,Premium,699,14.2,4,3,43,21,Yes
512,2024-06-30,Standard,399,6.0,0,4,20,87,Yes
513,2023-11-12,Basic,199,9.6,4,4,27,27,Yes
514,2024-05-14,Basic,199,0.5,4,2,21,17,Yes
515,2024-03-10,Basic,199,13.0,5,0,23,22,No
516,2022-03-13,Basic,199,23.8,6,0,48,84,Yes
517,2022-02-23,Premium,699,16.4,9,4,48,1,Yes
518,2022-05-11,Basic,199,11.7,2,4,46,76,No
519,2024-09-13,Standard,399,4.1,8,3,17,52,Yes
520,2024-05-07,Basic,199,12.2,2,1,21,23,No
521,2022-07-30,Basic,199,6.2,9,1,43,27,Yes
522,2024-01-12,Basic,199,9.8,0,1,25,65,No
523,2023-01-11,Basic,199,6.5,2,4,37,37,Yes
524,2022-04-28,Premium,699,15.8,5,0,46,4,No
525,2023-03-05,Standard,399,11.1,8,1,36,25,Yes
526,2024-03-08,Basic,199,5.1,0,2,23,80,No
527,2023-09-14,Premium,699,8.9,9,2,29,47,Yes
528,2022-08-05,Standard,399,14.8,9,0,43,82,Yes
529,2024-01-12,Standard,399,8.0,4,3,25,34,Yes
530,2022-03-12,Basic,199,13.7,1,0,48,61,No
531,2024-01-26,Premium,699,10.6,8,1,25,28,Yes
532,2022-09-17,Standard,399,6.0,4,0,41,39,No
533,2023-06-26,Standard,399,9.8,3,1,32,53,No
534,2023-08-22,Basic,199,5.8,9,4,30,6,Yes
535,2023-08-30,Standard,399,12.6,6,0,30,21,Yes
536,2022-09-28,Standard,399,16.4,1,3,41,44,No
537,2022-12-30,Basic,199,11.6,0,1,38,88,No
538,2024-11-14,Standard,399,16.0,6,0,15,85,No
539,2022-08-12,Standard,399,12.9,8,1,42,45,Yes
540,2024-06-08,Basic,199,3.6,6,4,20,3,Yes
541,2023-09-15,Basic,199,8.3,9,3,29,47,Yes
542,2022-01-09,Standard,399,12.9,4,0,50,71,Yes
543,2022-04-23,Basic,199,7.9,7,0,46,89,Yes
544,2024-07-25,Premium,699,10.7,3,0,19,23,No
545,2023-10-20,Premium,699,5.2,2,2,28,32,No
546,2023-04-26,Basic,199,12.5,3,0,34,67,No
547,2023-08-29,Premium,699,3.6,3,1,30,82,No
548,2023-08-11,Standard,399,9.8,1,0,30,55,No
549,2024-01-20,Basic,199,21.5,6,2,25,82,No
550,2024-07-03,Standard,399,9.1,3,4,19,49,Yes
551,2022-10-21,Standard,399,12.5,5,3,40,35,Yes
552,2022-03-26,Premium,699,0.5,9,4,47,25,Yes
553,2024-07-07,Standard,399,13.3,1,0,19,21,No
554,2023-11-11,Standard,399,10.7,2,1,27,7,No
555,2023-10-11,Basic,199,7.3,4,1,28,40,No
556,2022-04-11,Basic,199,17.6,5,4,47,17,Yes
557,2024-10-17,Premium,699,13.2,6,4,16,24,Yes
558,2024-11-24,Basic,199,10.6,0,3,15,25,Yes
559,2022-08-09,Premium,699,8.5,5,2,43,73,Yes
560,2024-05-21,Basic,199,16.6,6,1,21,34,No
561,2024-12-29,Standard,399,6.4,6,1,13,10,Yes
562,2023-01-16,Basic,199,11.0,8,3,37,63,Yes
563,2022-05-23,Basic,199,21.5,1,1,45,13,No
564,2022-03-08,Basic,199,2.6,8,4,48,11,Yes
565,2023-07-03,Standard,399,13.9,3,1,32,56,No
566,2022-06-28,Premium,699,6.0,4,0,44,31,No
567,2023-10-27,Basic,199,12.7,9,2,28,58,Yes
568,2024-08-13,Standard,399,18.1,2,0,18,68,No
569,2022-09-27,Premium,699,2.5,8,2,41,72,Yes
570,2022-06-22,Standard,399,4.2,6,2,44,10,Yes
571,2022-08-03,Standard,399,7.9,6,0,43,46,No
572,2024-06-17,Basic,199,14.4,5,4,20,78,Yes
573,2024-04-06,Basic,199,14.1,8,4,22,1,Yes
574,2023-01-22,Standard,399,7.9,5,4,37,7,No
575,2024-04-22,Basic,199,15.5,3,4,22,59,No
576,2023-01-07,Premium,699,17.1,2,3,38,14,Yes
577,2023-10-25,Standard,399,2.2,1,2,28,15,Yes
578,2023-12-03,Standard,399,14.5,8,1,26,88,No
579,2024-02-20,Premium,699,9.7,8,4,24,82,Yes
580,2023-07-04,Standard,399,11.1,7,2,32,54,No
581,2022-12-06,Standard,399,17.0,2,4,39,16,Yes
582,2023-08-20,Basic,199,8.1,6,1,30,6,No
583,2023-03-24,Basic,199,7.7,7,0,35,69,Yes
584,2023-11-05,Standard,399,9.2,6,4,27,38,Yes
585,2023-05-28,Basic,199,10.2,1,2,33,43,No
586,2022-08-16,Basic,199,4.8,5,1,42,87,No
587,2024-11-07,Standard,399,18.3,6,4,15,42,Yes
588,2024-05-15,Basic,199,8.3,9,3,21,67,Yes
589,2022-07-12,Basic,199,8.8,1,2,43,29,No
590,2023-11-22,Basic,199,14.6,5,3,27,88,No
591,2022-03-24,Basic,199,6.6,2,4,47,22,Yes
592,2022-04-22,Standard,399,9.4,1,1,46,17,No
593,2023-07-23,Premium,699,12.4,5,4,31,65,Yes
594,2022-03-02,Basic,199,7.7,5,1,48,80,No
595,2023-06-19,Standard,399,10.3,1,4,32,68,Yes
596,2023-03-10,Standard,399,11.2,0,4,35,12,Yes
597,2023-05-16,Basic,199,16.6,5,4,33,23,Yes
598,2024-09-01,Premium,699,7.8,3,4,17,55,Yes
599,2024-04-27,Premium,699,9.8,9,2,22,79,Yes
600,2023-08-06,Standard,399,10.9,2,1,30,32,No
601,2022-09-27,Premium,699,12.7,9,1,41,30,Yes
602,2022-02-25,Basic,199,11.1,8,2,48,28,No
603,2022-04-24,Basic,199,8.4,6,3,46,22,No
604,2022-06-25,Standard,399,14.0,4,0,44,45,Yes
605,2023-12-29,Standard,399,4.7,8,3,26,81,Yes
606,2023-10-23,Standard,399,9.8,1,4,28,24,Yes
607,2023-07-11,Basic,199,4.5,0,4,31,4,Yes
608,2022-09-22,Premium,699,2.6,4,2,41,52,No
609,2022-12-04,Basic,199,7.8,0,1,39,19,No
610,2024-04-10,Premium,699,12.3,2,2,22,49,No
611,2024-12-05,Premium,699,13.9,5,0,14,49,Yes
612,2023-05-02,Basic,199,13.1,5,3,34,80,Yes
613,2023-06-22,Standard,399,9.6,2,3,32,68,Yes
614,2023-12-31,Standard,399,8.5,0,4,26,78,Yes
615,2024-09-22,Basic,199,3.1,0,3,17,2,Yes
616,2022-03-19,Standard,399,4.1,2,1,47,44,Yes
617,2022-10-05,Premium,699,2.2,7,2,41,6,Yes
618,2024-12-28,Basic,199,15.1,2,1,13,69,No
619,2022-04-03,Standard,399,10.8,7,4,47,11,Yes
620,2024-11-03,Basic,199,0.8,9,3,15,38,Yes
621,2024-08-20,Standard,399,11.6,6,3,18,42,Yes
622,2022-07-16,Premium,699,0.6,2,1,43,12,No
623,2022-11-03,Basic,199,7.8,8,1,40,8,Yes
624,2024-10-28,Premium,699,9.9,3,4,16,76,Yes
625,2022-08-24,Premium,699,12.8,7,0,42,1,No
626,2023-01-13,Basic,199,9.0,5,0,37,51,No
627,2023-12-13,Basic,199,4.9,8,0,26,59,Yes
628,2022-10-10,Premium,699,7.4,9,0,40,52,Yes
629,2022-02-26,Premium,699,15.9,1,0,48,84,No
630,2022-03-29,Basic,199,8.9,7,4,47,30,Yes
631,2024-07-31,Premium,699,10.7,9,2,18,82,Yes
632,2024-04-12,Basic,199,0.9,7,1,22,53,Yes
633,2024-11-02,Basic,199,4.7,7,2,15,58,Yes
634,2023-08-12,Premium,699,6.5,4,3,30,2,No
635,2024-07-24,Basic,199,13.9,4,4,19,5,Yes
636,2023-10-17,Basic,199,13.2,9,3,28,32,Yes
637,2024-06-18,Basic,199,12.8,4,4,20,85,Yes
638,2023-10-25,Basic,199,3.4,3,4,28,25,Yes
639,2023-06-08,Basic,199,18.5,7,2,32,69,Yes
640,2023-07-24,Standard,399,3.9,9,3,31,53,Yes
641,2023-01-12,Premium,699,6.2,2,2,37,10,No
642,2024-03-14,Standard,399,4.7,8,3,23,36,No
643,2024-12-22,Standard,399,3.6,3,4,14,41,Yes
644,2024-12-28,Premium,699,14.4,1,1,13,1,No
645,2024-05-08,Basic,199,11.1,5,1,21,49,No
646,2022-02-28,Basic,199,15.3,8,3,48,71,Yes
647,2023-07-14,Standard,399,10.3,7,0,31,80,Yes
648,2023-04-23,Premium,699,0.5,3,2,34,86,No
649,2024-03-27,Premium,699,13.1,9,4,23,84,Yes
650,2024-10-06,Basic,199,11.9,4,4,16,19,Yes
651,2024-03-30,Basic,199,15.7,6,1,23,42,Yes
652,2023-11-22,Standard,399,7.8,4,0,27,78,Yes
653,2022-03-10,Basic,199,13.4,2,3,48,50,No
654,2022-04-05,Standard,399,9.3,5,0,47,1,No
655,2022-03-21,Premium,699,10.1,3,0,47,28,No
656,2024-12-16,Basic,199,12.8,2,0,14,65,No
657,2023-07-06,Basic,199,9.0,5,4,32,55,Yes
658,2023-01-08,Standard,399,4.1,0,0,37,81,No
659,2023-12-04,Standard,399,12.9,8,0,26,27,Yes
660,2023-02-27,Standard,399,10.7,1,4,36,71,Yes
661,2022-07-23,Premium,699,7.4,4,1,43,42,No
662,2022-12-10,Basic,199,8.5,2,0,38,1,No
663,2024-07-08,Premium,699,10.9,2,4,19,76,Yes
664,2023-01-14,Basic,199,0.5,6,3,37,86,Yes
665,2023-11-10,Premium,699,8.2,7,1,27,71,Yes
666,2023-12-14,Standard,399,12.6,7,2,26,35,Yes
667,2024-08-17,Premium,699,0.6,5,3,18,38,Yes
668,2022-05-20,Standard,399,7.0,9,4,45,50,Yes
669,2023-04-08,Premium,699,11.4,3,0,34,34,No
670,2023-02-22,Standard,399,10.2,5,1,36,32,Yes
671,2023-05-24,Premium,699,7.2,6,4,33,66,Yes
672,2022-11-21,Basic,199,4.4,9,0,39,77,No
673,2022-09-16,Premium,699,0.9,5,2,41,56,No
674,2024-04-25,Premium,699,7.4,5,0,22,36,Yes
675,2022-06-29,Standard,399,6.9,9,2,44,55,No
676,2024-11-02,Premium,699,7.4,8,0,15,53,Yes
677,2023-10-02,Basic,199,9.0,4,1,29,11,Yes
678,2022-06-11,Standard,399,1.2,2,2,44,71,No
679,2023-06-16,Basic,199,4.2,8,3,32,71,Yes
680,2024-01-20,Basic,199,5.8,5,1,25,86,No
681,2022-02-18,Basic,199,7.0,4,1,48,38,No
682,2024-04-11,Standard,399,20.5,9,1,22,48,Yes
683,2023-05-29,Standard,399,0.5,4,3,33,53,Yes
684,2023-05-08,Basic,199,20.2,9,1,33,47,No
685,2022-08-12,Standard,399,6.9,8,4,42,54,No
686,2022-03-05,Basic,199,11.7,3,2,48,58,Yes
687,2024-12-05,Standard,399,13.8,2,2,14,31,No
688,2023-08-19,Premium,699,11.8,2,2,30,2,No
689,2023-08-04,Standard,399,9.4,5,4,31,31,Yes
690,2024-04-17,Basic,199,15.7,0,2,22,74,No
691,2022-09-12,Standard,399,5.5,0,4,41,3,Yes
692,2022-05-29,Standard,399,4.3,1,2,45,38,No
693,2023-04-01,Basic,199,11.6,5,4,35,72,Yes
694,2024-12-17,Basic,199,2.1,1,0,14,9,No
695,2024-06-04,Standard,399,12.9,8,4,20,80,Yes
696,2023-05-26,Premium,699,9.4,7,4,33,29,Yes
697,2023-07-08,Standard,399,7.1,9,1,31,25,Yes
698,2023-10-27,Standard,399,4.2,5,4,28,67,Yes
699,2024-10-22,Basic,199,7.7,0,0,16,81,Yes
700,2022-04-15,Premium,699,13.8,2,2,46,88,No
701,2023-03-25,Premium,699,13.3,2,0,35,11,No
702,2023-02-01,Premium,699,6.2,9,2,37,82,Yes
703,2024-11-28,Premium,699,8.9,9,0,14,48,Yes
704,2023-05-13,Premium,699,11.9,4,3,33,32,Yes
705,2022-02-05,Basic,199,16.8,2,2,49,53,Yes
706,2024-07-02,Basic,199,8.2,5,1,19,21,Yes
707,2024-04-01,Basic,199,8.7,2,0,22,78,Yes
708,2024-06-28,Basic,199,3.8,0,2,20,58,Yes
709,2024-01-25,Premium,699,12.5,1,3,25,12,Yes
710,2023-05-21,Standard,399,8.0,9,1,33,43,Yes
711,2022-04-10,Basic,199,8.1,1,0,47,15,No
712,2022-09-17,Standard,399,13.1,1,1,41,57,No
713,2023-09-18,Premium,699,5.5,9,1,29,58,No
714,2023-12-09,Basic,199,11.1,6,0,26,52,No
715,2024-07-15,Premium,699,7.5,0,2,19,30,No
716,2022-09-10,Basic,199,9.1,8,1,41,2,Yes
717,2023-11-06,Basic,199,7.2,5,0,27,44,No
718,2024-09-04,Premium,699,14.2,4,1,17,44,No
719,2024-09-23,Basic,199,4.6,5,2,17,13,No
720,2024-03-21,Premium,699,10.0,9,0,23,42,Yes
721,2023-10-20,Premium,699,6.3,7,1,28,57,Yes
722,2024-04-22,Standard,399,6.7,7,2,22,87,Yes
723,2023-11-13,Standard,399,14.2,0,2,27,83,No
724,2023-06-08,Basic,199,14.2,7,4,32,69,Yes
725,2024-03-01,Basic,199,10.6,4,1,24,16,No
726,2024-01-23,Standard,399,8.7,5,1,25,6,No
727,2024-09-14,Standard,399,9.2,9,1,17,39,No
728,2024-08-03,Standard,399,3.1,8,4,18,85,Yes
729,2024-06-16,Basic,199,8.4,5,0,20,19,No
730,2022-05-13,Basic,199,9.6,2,2,45,68,No
731,2023-12-23,Standard,399,10.1,4,4,26,80,Yes
732,2022-01-29,Standard,399,5.3,2,3,49,42,Yes
733,2024-01-25,Standard,399,14.8,9,4,25,67,Yes
734,2024-05-07,Basic,199,12.6,1,0,21,38,No
735,2023-01-14,Standard,399,17.0,3,3,37,45,Yes
736,2024-08-19,Premium,699,7.6,7,4,18,9,Yes
737,2023-11-04,Basic,199,6.6,2,3,27,60,Yes
738,2024-01-09,Standard,399,2.3,1,4,25,21,No
739,2022-02-07,Standard,399,5.9,8,1,49,70,Yes
740,2024-07-03,Premium,699,11.8,8,0,19,35,Yes
741,2023-11-18,Basic,199,11.4,3,4,27,88,Yes
742,2022-01-16,Standard,399,5.5,1,3,49,76,Yes
743,2023-12-29,Premium,699,9.5,7,1,26,87,Yes
744,2024-03-14,Premium,699,6.0,0,4,23,86,No
745,2023-05-31,Basic,199,5.0,2,1,33,82,No
746,2023-02-05,Standard,399,11.2,6,0,37,81,No
747,2023-08-12,Standard,399,7.2,0,1,30,73,No
748,2024-01-01,Standard,399,15.4,5,2,26,34,Yes
749,2024-05-08,Basic,199,7.1,0,2,21,16,No
750,2022-08-16,Standard,399,12.5,0,0,42,6,No
751,2023-03-13,Basic,199,9.7,5,0,35,55,Yes
752,2023-04-08,Standard,399,8.3,9,0,34,14,Yes
753,2024-09-17,Standard,399,5.1,7,3,17,58,No
754,2022-10-15,Basic,199,5.4,3,1,40,18,No
755,2024-07-04,Standard,399,11.1,4,3,19,63,Yes
756,2023-02-07,Standard,399,18.7,4,4,36,79,Yes
757,2022-09-01,Standard,399,13.4,6,2,42,75,No
758,2023-03-15,Standard,399,9.3,1,1,35,9,No
759,2024-07-23,Standard,399,6.6,5,4,19,60,Yes
760,2024-04-25,Premium,699,12.1,7,0,22,35,Yes
761,2023-05-27,Standard,399,4.8,5,2,33,12,Yes
762,2023-02-11,Basic,199,8.0,0,3,36,14,Yes
763,2024-04-29,Basic,199,10.3,9,2,22,42,Yes
764,2023-09-10,Basic,199,14.9,5,4,29,53,Yes
765,2022-10-13,Premium,699,23.5,9,0,40,37,Yes
766,2022-02-22,Basic,199,14.1,1,3,48,82,Yes
767,2024-05-25,Basic,199,7.9,3,2,21,11,No
768,2023-03-31,Standard,399,4.3,1,1,35,19,No
769,2024-03-26,Standard,399,10.6,6,2,23,74,No
770,2022-08-01,Standard,399,5.7,0,1,43,83,Yes
771,2024-02-09,Premium,699,13.6,1,0,24,2,No
772,2023-12-13,Premium,699,8.6,4,3,26,6,Yes
773,2022-08-23,Premium,699,5.0,4,0,42,8,No
774,2023-03-13,Basic,199,0.5,5,3,35,25,Yes
775,2024-10-28,Basic,199,10.2,5,4,16,40,No
776,2022-11-04,Premium,699,9.1,5,4,40,9,Yes
777,2024-02-17,Basic,199,15.7,0,3,24,57,Yes
778,2024-06-25,Basic,199,15.1,9,0,20,49,Yes
779,2022-08-06,Standard,399,17.3,7,2,43,77,No
780,2024-04-22,Premium,699,7.6,7,0,22,58,Yes
781,2023-07-21,Basic,199,8.6,9,0,31,77,Yes
782,2022-05-21,Basic,199,17.5,1,3,45,60,Yes
783,2024-11-12,Standard,399,13.7,9,2,15,54,Yes
784,2024-04-18,Basic,199,12.7,5,2,22,62,No
785,2023-01-27,Standard,399,17.5,0,1,37,76,No
786,2024-05-30,Standard,399,7.4,1,3,21,16,Yes
787,2024-05-10,Basic,199,14.7,0,0,21,39,No
788,2023-02-06,Premium,699,8.1,5,1,36,43,No
789,2022-07-29,Standard,399,16.5,9,3,43,86,No
790,2022-05-13,Standard,399,7.4,6,0,45,58,No
791,2024-02-27,Basic,199,10.4,1,1,24,75,No
792,2024-11-23,Basic,199,7.9,1,1,15,62,No
793,2023-12-02,Basic,199,7.5,1,0,27,44,No
794,2024-05-01,Premium,699,9.5,1,4,22,59,Yes
795,2022-09-24,Basic,199,11.2,1,3,41,17,Yes
796,2023-08-17,Standard,399,10.4,4,2,30,64,Yes
797,2024-07-02,Standard,399,16.3,0,0,19,12,No
798,2022-02-18,Basic,199,9.9,3,4,48,37,Yes
799,2023-08-28,Standard,399,8.6,2,3,30,57,No
800,2024-09-15,Basic,199,9.9,1,0,17,75,No
801,2024-10-17,Standard,399,7.9,4,1,16,41,No
802,2023-09-07,Basic,199,15.3,2,2,29,29,No
803,2022-06-14,Standard,399,11.2,8,0,44,65,Yes
804,2024-05-18,Basic,199,0.5,3,0,21,52,Yes
805,2023-02-05,Basic,199,5.0,6,4,37,4,Yes
806,2023-08-24,Basic,199,7.2,9,3,30,33,Yes
807,2023-09-24,Standard,399,6.1,7,2,29,89,No
808,2023-07-12,Standard,399,3.0,0,2,31,13,Yes
809,2024-01-21,Premium,699,8.2,2,3,25,28,Yes
810,2023-03-24,Standard,399,21.9,8,0,35,74,No
811,2024-06-05,Premium,699,11.8,4,0,20,6,No
812,2024-05-07,Standard,399,12.5,7,2,21,88,Yes
813,2022-10-29,Standard,399,12.2,9,1,40,39,Yes
814,2022-11-10,Premium,699,7.6,7,0,39,31,Yes
815,2024-03-21,Premium,699,14.9,3,3,23,10,Yes
816,2023-08-17,Basic,199,9.9,3,0,30,88,No
817,2024-04-18,Standard,399,5.9,0,1,22,1,No
818,2022-05-29,Premium,699,8.0,7,3,45,12,Yes
819,2022-01-24,Basic,199,11.3,7,4,49,24,Yes
820,2023-08-10,Premium,699,16.1,2,2,30,43,No
821,2022-02-11,Standard,399,13.0,3,1,48,59,No
822,2024-03-10,Basic,199,0.5,9,1,23,1,Yes
823,2024-01-13,Standard,399,15.5,0,0,25,84,No
824,2024-06-23,Premium,699,8.5,8,1,20,76,Yes
825,2022-08-27,Standard,399,6.2,0,2,42,37,No
826,2022-07-11,Basic,199,5.1,9,4,44,33,Yes
827,2022-07-21,Basic,199,5.1,3,4,43,89,Yes
828,2023-06-24,Basic,199,7.7,2,0,32,10,No
829,2023-03-17,Basic,199,7.1,8,3,35,25,Yes
830,2024-06-11,Standard,399,11.7,0,0,20,51,Yes
831,2024-12-21,Premium,699,12.2,9,3,14,48,Yes
832,2024-03-29,Standard,399,8.5,7,1,23,29,Yes
833,2022-10-04,Standard,399,0.5,3,1,41,87,No
834,2022-12-20,Premium,699,10.2,6,4,38,10,Yes
835,2023-06-24,Standard,399,9.8,0,0,32,13,No
836,2022-11-13,Basic,199,10.6,0,0,39,10,No
837,2023-12-11,Basic,199,9.4,4,0,26,4,No
838,2024-09-08,Standard,399,17.2,6,3,17,74,Yes
839,2022-12-16,Basic,199,7.1,0,4,38,72,Yes
840,2022-05-27,Premium,699,6.9,5,2,45,11,No
841,2022-06-27,Premium,699,3.3,5,3,44,17,Yes
842,2023-10-28,Standard,399,0.5,7,0,28,19,Yes
843,2023-12-30,Standard,399,11.5,2,0,26,77,No
844,2024-04-06,Basic,199,3.7,8,1,22,54,Yes
845,2023-03-15,Basic,199,15.8,5,3,35,45,Yes
846,2022-01-20,Standard,399,10.6,1,0,49,54,Yes
847,2022-09-10,Premium,699,3.4,5,0,41,17,No
848,2022-10-18,Premium,699,14.0,4,2,40,52,No
849,2024-12-06,Standard,399,11.5,4,3,14,84,Yes
850,2022-03-18,Basic,199,11.3,9,1,47,77,Yes
851,2023-06-24,Standard,399,9.9,5,4,32,58,Yes
852,2023-06-29,Basic,199,17.9,0,4,32,62,Yes
853,2022-09-21,Standard,399,9.6,3,2,41,49,No
854,2024-08-12,Standard,399,5.5,1,3,18,23,Yes
855,2024-01-16,Standard,399,6.9,7,0,25,44,No
856,2024-12-25,Premium,699,10.7,5,3,14,33,No
857,2024-12-14,Basic,199,15.0,0,2,14,54,No
858,2023-08-02,Standard,399,8.2,9,0,31,65,Yes
859,2022-02-26,Premium,699,2.1,4,3,48,30,No
860,2023-10-04,Basic,199,4.2,6,2,28,85,No
861,2024-12-11,Basic,199,13.8,1,2,14,9,No
862,2022-07-15,Basic,199,5.8,0,3,43,10,Yes
863,2023-02-06,Premium,699,7.9,4,0,36,11,Yes
864,2023-09-20,Premium,699,13.2,0,0,29,81,No
865,2022-05-27,Standard,399,0.8,1,0,45,2,No
866,2024-05-07,Premium,699,0.5,7,2,21,72,Yes
867,2024-09-14,Basic,199,13.2,3,0,17,81,No
868,2024-02-20,Standard,399,7.1,1,3,24,19,Yes
869,2023-02-15,Basic,199,6.2,9,4,36,82,No
870,2024-08-31,Basic,199,11.9,6,1,17,54,Yes
871,2022-09-10,Basic,199,18.1,6,2,41,43,No
872,2023-01-28,Premium,699,6.9,6,1,37,23,Yes
873,2023-03-18,Standard,399,10.5,5,0,35,57,No
874,2024-04-17,Basic,199,9.1,6,1,22,57,No
875,2023-11-29,Standard,399,6.3,8,2,27,15,Yes
876,2023-02-16,Standard,399,14.3,4,1,36,64,No
877,2023-01-25,Basic,199,13.8,1,1,37,82,No
878,2024-05-09,Standard,399,1.3,9,4,21,13,No
879,2023-06-22,Basic,199,10.5,1,3,32,29,Yes
880,2022-11-26,Premium,699,11.6,8,2,39,2,Yes
881,2023-08-24,Standard,399,14.0,6,2,30,68,No
882,2023-07-22,Premium,699,14.0,9,1,31,78,Yes
883,2022-07-30,Standard,399,16.3,7,1,43,23,Yes
884,2024-04-04,Standard,399,7.5,0,3,22,71,Yes
885,2022-12-31,Basic,199,10.7,0,1,38,43,No
886,2023-06-27,Basic,199,15.6,8,2,32,55,No
887,2024-10-04,Premium,699,10.4,4,2,16,39,Yes
888,2024-01-17,Premium,699,4.8,1,2,25,74,No
889,2023-12-31,Premium,699,7.8,5,0,26,70,No
890,2024-05-08,Basic,199,18.6,1,3,21,78,Yes
891,2024-12-23,Basic,199,9.7,1,0,14,30,No
892,2022-02-07,Premium,699,8.1,8,1,49,77,Yes
893,2024-12-07,Standard,399,10.6,0,3,14,69,Yes
894,2023-05-05,Standard,399,9.7,9,2,34,49,No
895,2023-02-24,Premium,699,17.4,3,1,36,3,No
896,2022-02-15,Standard,399,4.5,9,0,48,80,Yes
897,2024-01-08,Premium,699,13.1,5,3,25,17,Yes
898,2022-08-02,Premium,699,9.6,9,4,43,58,Yes
899,2022-08-25,Standard,399,16.4,6,0,42,75,No
900,2022-04-25,Standard,399,10.2,4,0,46,35,No
901,2022-05-27,Basic,199,11.5,7,3,45,65,Yes
902,2023-04-06,Standard,399,8.8,1,1,35,72,No
903,2022-07-14,Basic,199,3.4,6,0,43,83,Yes
904,2023-08-22,Premium,699,6.4,1,1,30,75,No
905,2024-02-05,Basic,199,19.3,4,2,24,80,No
906,2024-04-20,Standard,399,5.3,1,0,22,12,No
907,2024-09-22,Basic,199,4.1,7,0,17,17,Yes
908,2022-02-21,Standard,399,28.0,1,2,48,52,Yes
909,2024-09-01,Standard,399,5.5,4,3,17,51,Yes
910,2024-09-28,Basic,199,17.9,7,1,16,1,Yes
911,2024-12-26,Basic,199,6.7,0,3,14,61,Yes
912,2023-02-21,Premium,699,6.5,5,2,36,87,No
913,2022-08-01,Standard,399,9.5,5,2,43,29,No
914,2024-12-20,Standard,399,14.8,5,2,14,46,No
915,2022-02-13,Premium,699,3.0,0,3,48,55,Yes
916,2022-03-21,Basic,199,2.4,8,0,47,77,Yes
917,2023-07-18,Basic,199,9.1,6,4,31,13,No
918,2023-12-04,Standard,399,4.5,5,4,26,61,Yes
919,2024-08-22,Standard,399,10.9,4,0,18,69,Yes
920,2024-11-28,Standard,399,0.5,5,1,14,33,No
921,2024-12-21,Premium,699,13.0,0,1,14,73,No
922,2023-11-22,Standard,399,0.5,7,1,27,78,Yes
923,2024-06-16,Premium,699,8.3,2,0,20,47,No
924,2022-03-26,Standard,399,9.0,6,3,47,72,Yes
925,2024-11-09,Basic,199,13.5,2,2,15,82,No
926,2024-01-05,Standard,399,7.4,4,4,25,27,No
927,2024-11-26,Standard,399,11.7,6,4,15,12,Yes
928,2024-11-08,Standard,399,7.0,3,3,15,56,Yes
929,2023-04-20,Basic,199,9.9,3,0,34,19,Yes
930,2022-09-30,Basic,199,13.8,8,4,41,8,Yes
931,2023-06-01,Standard,399,12.7,1,0,33,83,No
932,2023-05-21,Basic,199,11.5,4,2,33,82,No
933,2024-06-11,Premium,699,4.9,5,0,20,7,No
934,2023-07-04,Premium,699,12.8,5,2,32,16,No
935,2022-12-11,Standard,399,12.9,8,2,38,33,No
936,2024-08-03,Standard,399,5.0,6,2,18,45,No
937,2024-04-14,Premium,699,9.4,6,2,22,54,No
938,2023-11-26,Basic,199,8.5,4,4,27,86,Yes
939,2022-09-15,Basic,199,10.8,7,2,41,65,Yes
940,2022-09-11,Standard,399,14.7,6,4,41,69,Yes
941,2024-04-13,Standard,399,8.5,7,2,22,82,Yes
942,2024-02-08,Premium,699,15.9,6,2,24,67,No
943,2023-06-26,Standard,399,13.8,0,3,32,40,Yes
944,2022-10-19,Basic,199,14.1,0,0,40,80,No
945,2023-04-30,Premium,699,10.3,7,3,34,83,Yes
946,2024-12-12,Premium,699,7.5,6,3,14,46,Yes
947,2022-01-19,Basic,199,13.7,5,2,49,81,No
948,2024-06-16,Standard,399,10.6,5,4,20,85,Yes
949,2024-12-15,Basic,199,5.5,1,0,14,66,No
950,2024-08-18,Basic,199,15.3,3,0,18,76,Yes
951,2022-06-19,Standard,399,5.8,1,1,44,80,Yes
952,2022-07-07,Basic,199,14.4,8,0,44,50,Yes
953,2024-04-09,Standard,399,15.7,4,1,22,35,No
954,2023-11-06,Premium,699,9.5,9,1,27,70,Yes
955,2022-10-29,Premium,699,16.6,0,3,40,3,Yes
956,2024-09-09,Standard,399,21.0,0,4,17,41,Yes
957,2024-03-08,Premium,699,16.1,9,0,23,60,Yes
958,2024-06-16,Standard,399,10.1,0,4,20,63,Yes
959,2022-03-17,Standard,399,9.2,8,3,47,25,Yes
960,2024-10-09,Basic,199,12.2,0,2,16,86,No
961,2024-06-16,Premium,699,14.5,2,1,20,7,Yes
962,2022-09-28,Standard,399,12.4,7,2,41,37,Yes
963,2023-05-18,Basic,199,7.2,8,1,33,8,Yes
964,2024-09-01,Standard,399,4.5,1,3,17,22,Yes
965,2024-11-06,Standard,399,24.0,5,2,15,16,No
966,2024-04-09,Standard,399,12.7,0,0,22,27,No
967,2023-01-16,Standard,399,9.8,4,3,37,35,Yes
968,2023-12-06,Premium,699,11.2,2,4,26,88,Yes
969,2024-11-27,Premium,699,7.6,6,0,14,49,No
970,2022-08-23,Basic,199,18.2,3,0,42,71,No
971,2022-02-05,Premium,699,5.9,4,0,49,84,No
972,2024-06-20,Standard,399,11.4,0,2,20,77,No
973,2022-05-31,Standard,399,19.8,8,0,45,17,Yes
974,2023-11-07,Premium,699,14.2,2,1,27,79,No
975,2022-07-27,Premium,699,14.8,9,3,43,24,Yes
976,2023-05-25,Basic,199,12.5,9,2,33,26,Yes
977,2022-10-26,Basic,199,8.8,8,4,40,41,Yes
978,2022-04-01,Basic,199,13.4,7,3,47,64,Yes
979,2024-03-07,Premium,699,12.1,4,3,23,11,Yes
980,2024-05-04,Basic,199,6.0,8,1,21,84,Yes
981,2022-10-06,Premium,699,16.5,1,2,41,2,No
982,2024-10-10,Basic,199,6.5,6,1,16,6,No
983,2023-12-15,Premium,699,6.1,9,4,26,52,Yes
984,2024-12-30,Premium,699,4.0,5,2,13,82,No
985,2023-06-17,Premium,699,8.6,5,1,32,27,No
986,2022-01-26,Basic,199,7.5,2,3,49,33,Yes
987,2024-06-09,Premium,699,5.1,8,3,20,63,Yes
988,2022-03-27,Basic,199,9.2,6,3,47,52,No
989,2023-08-01,Basic,199,0.5,0,3,31,87,Yes
990,2023-11-29,Standard,399,8.8,1,3,27,79,No
991,2022-10-19,Basic,199,9.4,2,0,40,70,No
992,2022-07-27,Premium,699,14.8,3,4,43,6,No
993,2022-09-11,Standard,399,8.5,9,1,41,76,Yes
994,2022-11-09,Standard,399,7.6,9,3,39,66,Yes
995,2022-02-11,Premium,699,5.1,2,1,48,39,No
996,2022-04-22,Standard,399,18.6,1,4,46,85,No
997,2023-12-31,Basic,199,23.4,5,4,26,62,Yes
998,2022-09-22,Basic,199,14.0,5,2,41,10,No
999,2022-09-23,Standard,399,12.5,9,2,41,56,Yes
1000,2022-05-12,Standard,399,9.3,7,2,46,48,Yes
1001,2023-08-05,Premium,699,16.8,4,2,30,89,No
1002,2022-02-23,Basic,199,7.7,6,2,48,62,Yes
1003,2022-10-09,Premium,699,0.5,8,0,40,8,Yes
1004,2022-09-06,Premium,699,9.4,2,4,42,10,Yes
1005,2022-05-02,Premium,699,12.1,1,1,46,80,No
1006,2022-03-21,Standard,399,6.2,5,2,47,35,Yes
1007,2022-11-15,Standard,399,15.3,3,4,39,29,Yes
1008,2022-09-25,Basic,199,9.5,4,1,41,61,Yes
1009,2023-07-01,Basic,199,5.0,8,1,32,59,Yes
1010,2022-05-29,Basic,199,7.6,6,0,45,32,No
1011,2024-02-25,Basic,199,16.2,5,4,24,3,No
1012,2024-06-08,Premium,699,14.3,3,3,20,33,Yes
1013,2023-06-04,Basic,199,12.8,2,1,33,39,No
1014,2024-11-18,Premium,699,6.5,9,4,15,73,Yes
1015,2022-12-19,Basic,199,7.3,6,2,38,6,No
1016,2024-02-01,Standard,399,6.9,9,4,24,12,Yes
1017,2024-12-28,Basic,199,16.3,9,2,13,40,Yes
1018,2022-07-09,Standard,399,10.4,5,4,44,76,No
1019,2023-12-08,Premium,699,10.2,9,4,26,58,Yes
1020,2023-04-20,Premium,699,10.1,9,3,34,63,Yes
1021,2024-07-21,Basic,199,9.5,5,4,19,14,Yes
1022,2024-09-10,Basic,199,15.6,0,1,17,85,No
1023,2024-01-01,Standard,399,13.1,1,3,26,53,Yes
1024,2024-02-19,Standard,399,11.9,5,2,24,41,Yes
1025,2024-11-13,Basic,199,8.2,5,4,15,85,No
1026,2023-08-06,Premium,699,7.5,5,2,30,65,No
1027,2023-04-11,Standard,399,0.8,9,2,34,27,Yes
1028,2023-01-06,Basic,199,16.6,6,3,38,49,No
1029,2022-06-28,Standard,399,0.7,7,4,44,53,No
1030,2023-10-31,Basic,199,15.1,3,4,28,53,Yes
1031,2022-10-27,Basic,199,6.7,9,3,40,8,Yes
1032,2023-08-31,Standard,399,0.5,9,2,30,58,Yes
1033,2022-09-14,Basic,199,0.5,2,3,41,84,Yes
1034,2024-03-03,Standard,399,9.5,9,4,23,44,No
1035,2023-08-15,Basic,199,12.7,0,2,30,55,No
1036,2023-02-23,Standard,399,8.5,7,0,36,16,No
1037,2023-05-18,Basic,199,12.2,4,2,33,47,Yes
1038,2024-11-07,Basic,199,10.7,3,4,15,64,Yes
1039,2024-09-25,Standard,399,10.7,3,4,17,44,Yes
1040,2023-01-07,Premium,699,9.6,7,0,38,40,Yes
1041,2022-12-10,Basic,199,3.7,8,2,38,51,No
1042,2022-07-06,Basic,199,11.1,5,4,44,17,Yes
1043,2023-10-13,Basic,199,15.0,4,3,28,48,Yes
1044,2023-04-06,Basic,199,15.6,2,3,35,62,Yes
1045,2024-10-28,Standard,399,17.3,4,0,16,15,No
1046,2023-07-08,Premium,699,8.5,3,4,31,84,No
1047,2024-01-17,Basic,199,1.5,3,3,25,44,Yes
1048,2022-09-28,Basic,199,14.9,9,3,41,80,Yes
1049,2022-11-05,Premium,699,12.4,8,3,40,43,No
1050,2024-01-02,Standard,399,9.6,8,3,26,2,Yes
1051,2023-09-12,Basic,199,7.5,9,1,29,83,Yes
1052,2023-02-11,Premium,699,9.1,1,0,36,69,No
1053,2023-09-06,Basic,199,14.1,4,0,29,9,No
1054,2024-11-19,Basic,199,9.0,9,3,15,89,Yes
1055,2023-10-22,Standard,399,2.7,4,0,28,2,Yes
1056,2023-02-14,Premium,699,4.4,4,4,36,1,No
1057,2023-06-30,Standard,399,7.1,9,2,32,22,No
1058,2023-12-08,Premium,699,15.6,2,1,26,15,No
1059,2022-05-12,Basic,199,11.3,1,4,46,48,Yes
1060,2024-12-03,Basic,199,1.5,1,1,14,25,No
1061,2023-12-07,Basic,199,0.5,4,3,26,8,Yes
1062,2022-07-29,Standard,399,2.6,2,3,43,26,Yes
1063,2023-10-30,Basic,199,14.1,0,1,28,28,No
1064,2023-07-05,Basic,199,9.0,1,0,32,44,No
1065,2023-03-31,Basic,199,6.0,2,0,35,10,No
1066,2022-04-18,Standard,399,22.3,4,4,46,64,Yes
1067,2023-07-14,Basic,199,14.7,7,0,31,44,Yes
1068,2024-07-05,Basic,199,9.1,1,3,19,30,Yes
1069,2024-10-14,Basic,199,5.8,7,1,16,72,No
1070,2024-06-07,Basic,199,7.2,7,4,20,85,Yes
1071,2023-04-05,Basic,199,4.0,2,4,35,67,Yes
1072,2022-11-30,Basic,199,10.1,5,1,39,67,No
1073,2023-07-13,Basic,199,10.7,8,3,31,26,Yes
1074,2024-06-23,Basic,199,9.1,0,4,20,59,No
1075,2024-05-07,Basic,199,8.4,9,3,21,26,Yes
1076,2023-09-10,Basic,199,7.1,2,4,29,58,Yes
1077,2022-06-29,Standard,399,0.5,9,4,44,83,Yes
1078,2022-03-29,Standard,399,10.4,3,4,47,41,Yes
1079,2022-10-16,Standard,399,7.5,3,2,40,39,No
1080,2024-12-13,Basic,199,8.7,5,1,14,80,No
1081,2024-06-14,Basic,199,10.9,5,1,20,64,No
1082,2023-04-23,Premium,699,7.5,8,1,34,18,No
1083,2024-11-26,Standard,399,7.8,0,0,15,88,Yes
1084,2024-01-15,Basic,199,27.1,6,2,25,26,No
1085,2023-06-10,Basic,199,7.8,6,1,32,35,Yes
1086,2023-07-25,Basic,199,12.5,9,4,31,78,Yes
1087,2022-01-16,Basic,199,9.5,3,3,49,34,Yes
1088,2023-12-04,Standard,399,6.6,8,0,26,87,Yes
1089,2023-01-06,Basic,199,15.4,7,3,38,41,No
1090,2022-04-14,Premium,699,10.5,0,0,46,61,No
1091,2023-08-24,Standard,399,10.5,8,2,30,87,Yes
1092,2023-07-29,Basic,199,7.8,5,1,31,52,No
1093,2023-06-30,Basic,199,8.3,6,4,32,55,No
1094,2024-09-19,Standard,399,6.4,6,1,17,7,No
1095,2023-08-21,Basic,199,11.6,6,3,30,15,Yes
1096,2022-05-05,Standard,399,15.3,0,4,46,9,Yes
1097,2022-11-17,Standard,399,2.6,0,0,39,86,No
1098,2022-07-20,Basic,199,6.6,8,1,43,11,Yes
1099,2024-03-28,Premium,699,0.5,2,4,23,4,Yes
1100,2024-02-24,Basic,199,14.6,7,4,24,52,Yes
1101,2023-12-20,Standard,399,2.7,0,0,26,20,Yes
1102,2023-12-19,Premium,699,16.0,0,0,26,83,No
1103,2023-11-30,Basic,199,17.0,2,1,27,51,Yes
1104,2024-09-05,Standard,399,18.3,9,2,17,57,Yes
1105,2023-12-12,Basic,199,16.6,5,2,26,9,No
1106,2022-09-03,Basic,199,5.3,0,4,42,12,Yes
1107,2022-06-21,Premium,699,9.3,4,3,44,26,Yes
1108,2023-04-07,Basic,199,20.5,7,0,34,18,Yes
1109,2024-12-12,Standard,399,13.0,7,1,14,13,No
1110,2023-02-17,Basic,199,13.8,4,2,36,86,No
1111,2022-05-31,Standard,399,15.1,1,2,45,65,No
1112,2023-03-20,Premium,699,14.3,2,4,35,24,Yes
1113,2023-09-15,Standard,399,9.3,8,2,29,23,Yes
1114,2023-05-29,Basic,199,4.9,7,0,33,65,Yes
1115,2023-09-07,Standard,399,15.1,2,2,29,8,No
1116,2023-04-23,Basic,199,20.1,0,4,34,32,Yes
1117,2024-01-30,Standard,399,19.6,3,1,25,46,No
1118,2024-11-16,Standard,399,11.8,1,3,15,74,Yes
1119,2024-06-17,Standard,399,11.4,4,4,20,2,Yes
1120,2024-12-27,Basic,199,0.5,9,4,14,89,No
1121,2022-10-02,Standard,399,4.4,2,4,41,42,Yes
1122,2024-11-13,Basic,199,6.7,0,4,15,20,Yes
1123,2023-05-30,Standard,399,0.5,5,1,33,81,No
1124,2023-06-09,Premium,699,2.6,4,0,32,77,No
1125,2023-06-06,Standard,399,12.2,7,3,32,62,Yes
1126,2024-08-24,Premium,699,12.0,3,2,18,67,No
1127,2023-06-06,Standard,399,8.4,5,2,32,83,No
1128,2023-05-05,Standard,399,9.7,2,3,34,33,Yes
1129,2022-01-11,Standard,399,8.7,8,0,50,3,Yes
1130,2023-09-11,Standard,399,14.3,7,3,29,11,Yes
1131,2022-12-08,Basic,199,15.4,4,1,38,31,No
1132,2022-10-06,Basic,199,15.2,2,1,41,84,No
1133,2024-11-04,Basic,199,0.6,7,0,15,83,Yes
1134,2022-03-10,Basic,199,6.4,6,4,48,56,Yes
1135,2023-04-29,Basic,199,10.4,8,1,34,36,Yes
1136,2022-04-24,Standard,399,10.9,1,0,46,21,No
1137,2022-11-22,Standard,399,8.6,4,2,39,72,Yes
1138,2022-11-18,Premium,699,7.7,5,0,39,7,No
1139,2023-01-30,Basic,199,14.5,7,4,37,56,Yes
1140,2022-09-29,Basic,199,10.6,1,4,41,82,Yes
1141,2022-07-26,Premium,699,15.2,8,4,43,5,Yes
1142,2023-07-22,Basic,199,13.8,8,0,31,3,Yes
1143,2022-09-03,Premium,699,14.2,0,1,42,28,No
1144,2024-02-15,Standard,399,8.3,9,0,24,42,Yes
1145,2024-02-03,Basic,199,7.0,9,3,24,48,Yes
1146,2022-10-09,Premium,699,13.6,2,2,40,82,Yes
1147,2023-05-18,Basic,199,14.0,6,3,33,7,Yes
1148,2022-06-30,Standard,399,17.5,4,0,44,86,No
1149,2023-10-25,Basic,199,12.6,0,1,28,49,Yes
1150,2022-11-06,Standard,399,1.2,8,3,40,49,Yes
1151,2022-01-16,Standard,399,11.0,6,4,49,56,Yes
1152,2022-11-12,Premium,699,9.0,4,3,39,58,No
1153,2023-11-28,Basic,199,4.9,5,4,27,84,Yes
1154,2024-07-18,Basic,199,4.7,6,3,19,13,Yes
1155,2023-01-12,Basic,199,20.6,5,2,37,60,No
1156,2022-10-16,Basic,199,5.7,1,1,40,21,No
1157,2023-06-05,Standard,399,15.0,4,4,33,23,Yes
1158,2024-08-13,Basic,199,14.8,5,2,18,80,No
1159,2023-01-13,Basic,199,8.3,9,0,37,77,Yes
1160,2022-01-16,Basic,199,6.9,4,3,49,20,Yes
1161,2024-03-17,Standard,399,21.4,1,3,23,81,Yes
1162,2023-09-06,Standard,399,6.5,2,4,29,44,Yes
1163,2022-07-28,Standard,399,6.5,1,0,43,62,No
1164,2024-08-17,Premium,699,6.2,5,4,18,77,Yes
1165,2024-09-09,Premium,699,6.4,0,2,17,75,No
1166,2023-08-02,Basic,199,6.4,2,3,31,71,Yes
1167,2023-04-19,Basic,199,13.0,0,2,34,18,No
1168,2023-03-02,Basic,199,9.8,3,1,36,5,No
1169,2024-10-05,Premium,699,11.7,9,0,16,26,No
1170,2024-12-14,Standard,399,19.6,1,0,14,44,No
1171,2024-10-30,Standard,399,1.5,4,4,15,18,Yes
1172,2023-02-12,Standard,399,5.0,7,4,36,74,Yes
1173,2023-12-28,Standard,399,9.8,9,2,26,13,Yes
1174,2024-12-20,Basic,199,0.5,8,4,14,79,Yes
1175,2024-12-04,Standard,399,11.9,0,1,14,81,No
1176,2024-03-02,Basic,199,8.8,6,3,24,21,No
1177,2022-06-12,Basic,199,8.4,0,2,44,68,Yes
1178,2024-09-01,Standard,399,16.7,1,2,17,45,Yes
1179,2024-09-05,Premium,699,12.9,7,0,17,40,Yes
1180,2022-02-04,Standard,399,13.0,0,4,49,7,Yes
1181,2022-04-27,Premium,699,9.0,4,3,46,39,Yes
1182,2023-05-12,Basic,199,13.4,9,4,33,44,Yes
1183,2023-08-18,Standard,399,4.5,4,3,30,2,Yes
1184,2022-12-03,Basic,199,8.2,3,0,39,14,No
1185,2024-09-04,Standard,399,2.4,0,1,17,24,No
1186,2023-12-26,Basic,199,7.3,9,2,26,51,Yes
1187,2023-02-21,Premium,699,10.2,7,2,36,27,Yes
1188,2022-01-10,Standard,399,2.9,7,4,50,18,Yes
1189,2022-06-27,Basic,199,2.5,3,3,44,25,Yes
1190,2024-02-12,Standard,399,10.0,7,4,24,88,Yes
1191,2022-01-03,Standard,399,7.6,4,2,50,18,No
1192,2022-05-06,Standard,399,14.4,7,3,46,76,Yes
1193,2022-07-01,Standard,399,15.8,8,3,44,37,Yes
1194,2023-04-03,Premium,699,16.9,0,0,35,16,No
1195,2023-01-28,Basic,199,8.8,6,4,37,20,No
1196,2023-09-21,Basic,199,11.7,7,2,29,71,No
1197,2024-05-17,Basic,199,3.6,9,3,21,50,Yes
1198,2024-10-13,Standard,399,1.9,8,3,16,45,Yes
1199,2022-11-12,Standard,399,11.1,2,3,39,65,Yes
1200,2022-07-15,Standard,399,13.1,8,1,43,7,Yes
1201,2023-12-23,Basic,199,14.1,9,4,26,87,Yes
1202,2023-08-31,Basic,199,6.4,9,4,30,16,No
1203,2024-11-05,Standard,399,14.2,4,1,15,22,Yes
1204,2022-03-27,Premium,699,5.2,2,1,47,46,No
1205,2023-11-28,Basic,199,21.1,5,1,27,12,No
1206,2024-06-28,Standard,399,10.3,1,4,20,70,Yes
1207,2023-04-19,Standard,399,3.3,7,2,34,58,Yes
1208,2022-08-03,Standard,399,8.4,8,3,43,58,Yes
1209,2023-10-01,Premium,699,5.7,3,4,29,12,Yes
1210,2024-02-23,Standard,399,17.1,9,4,24,9,Yes
1211,2023-04-07,Standard,399,11.0,8,2,34,57,Yes
1212,2023-04-09,Basic,199,4.3,5,2,34,30,No
1213,2024-02-03,Basic,199,9.7,4,0,24,40,No
1214,2023-06-12,Basic,199,7.8,1,0,32,41,No
1215,2024-05-20,Standard,399,6.7,8,4,21,80,No
1216,2022-09-26,Basic,199,8.4,7,3,41,79,Yes
1217,2022-09-06,Standard,399,20.3,9,3,42,84,No
1218,2022-12-04,Premium,699,10.7,0,2,39,6,Yes
1219,2024-08-19,Basic,199,7.1,9,2,18,59,Yes
1220,2022-02-04,Basic,199,12.0,1,4,49,86,Yes
1221,2022-12-14,Standard,399,13.0,5,2,38,32,No
1222,2022-05-01,Basic,199,9.6,2,0,46,42,No
1223,2022-01-14,Premium,699,3.3,6,3,49,37,No
1224,2023-09-06,Basic,199,7.6,0,2,29,44,No
1225,2023-04-10,Standard,399,8.9,7,4,34,21,Yes
1226,2022-11-24,Premium,699,12.7,6,1,39,16,No
1227,2023-02-10,Standard,399,10.2,1,4,36,26,Yes
1228,2022-01-08,Standard,399,1.2,5,4,50,81,Yes
1229,2022-10-29,Premium,699,9.1,4,4,40,20,Yes
1230,2024-07-18,Premium,699,16.8,2,0,19,5,Yes
1231,2022-03-13,Standard,399,7.9,5,3,48,13,No
1232,2024-06-08,Premium,699,19.1,5,3,20,86,Yes
1233,2022-09-15,Standard,399,16.8,7,0,41,18,Yes
1234,2024-05-25,Basic,199,20.5,8,2,21,52,Yes
1235,2024-04-28,Basic,199,21.7,7,4,22,23,Yes
1236,2023-07-12,Basic,199,13.5,0,4,31,19,Yes
1237,2024-11-07,Basic,199,11.6,4,3,15,27,Yes
1238,2024-01-21,Basic,199,10.9,7,1,25,78,Yes
1239,2022-02-10,Basic,199,11.6,7,1,49,77,Yes
1240,2023-08-13,Standard,399,5.8,1,2,30,25,No
1241,2022-02-22,Basic,199,9.4,7,3,48,85,Yes
1242,2024-03-30,Basic,199,9.7,6,1,23,12,No
1243,2024-12-11,Basic,199,3.9,7,0,14,66,Yes
1244,2023-03-13,Standard,399,0.5,1,1,35,75,No
1245,2024-11-28,Standard,399,1.8,5,3,14,35,Yes
1246,2023-01-03,Basic,199,11.3,0,3,38,8,Yes
1247,2024-02-26,Premium,699,14.1,2,3,24,51,Yes
1248,2022-08-19,Premium,699,5.2,7,4,42,85,Yes
1249,2022-08-10,Premium,699,10.5,5,4,42,84,Yes
1250,2024-02-15,Standard,399,10.8,5,4,24,29,Yes
1251,2022-06-29,Standard,399,16.7,2,3,44,45,No
1252,2023-09-10,Basic,199,1.2,3,2,29,6,Yes
1253,2022-06-04,Premium,699,4.7,4,3,45,60,Yes
1254,2024-01-29,Basic,199,14.2,0,3,25,13,No
1255,2022-12-21,Premium,699,9.2,9,2,38,69,Yes
1256,2023-05-17,Standard,399,7.5,9,1,33,79,Yes
1257,2024-04-16,Premium,699,7.7,5,2,22,77,No
1258,2024-11-25,Premium,699,10.9,0,3,15,22,No
1259,2024-04-13,Basic,199,4.8,1,0,22,85,No
1260,2024-03-02,Premium,699,19.1,1,3,24,33,Yes
1261,2022-12-25,Premium,699,12.3,1,3,38,13,Yes
1262,2022-02-19,Premium,699,0.9,5,3,48,84,Yes
1263,2023-07-23,Premium,699,12.8,1,1,31,72,No
1264,2024-12-14,Standard,399,11.4,3,2,14,78,No
1265,2024-06-04,Basic,199,6.0,3,2,20,35,Yes
1266,2023-03-17,Basic,199,8.8,3,3,35,21,Yes
1267,2024-03-21,Standard,399,3.4,3,1,23,12,No
1268,2024-01-15,Standard,399,9.9,4,2,25,85,No
1269,2022-01-05,Premium,699,16.9,4,3,50,74,Yes
1270,2022-02-13,Basic,199,9.9,8,2,48,59,No
1271,2024-12-02,Standard,399,4.6,6,3,14,77,No
1272,2024-06-16,Premium,699,11.7,9,3,20,6,Yes
1273,2024-11-27,Basic,199,16.2,6,1,14,4,Yes
1274,2024-08-31,Basic,199,6.1,1,2,17,39,Yes
1275,2023-09-26,Premium,699,12.9,1,2,29,71,No
1276,2023-06-21,Standard,399,12.2,5,1,32,12,No
1277,2024-09-20,Premium,699,6.6,5,0,17,9,No
1278,2024-04-19,Basic,199,7.8,6,2,22,55,Yes
1279,2023-06-15,Basic,199,23.0,7,0,32,83,No
1280,2024-02-26,Basic,199,14.3,3,0,24,19,No
1281,2022-03-10,Standard,399,2.6,9,2,48,84,Yes
1282,2022-10-06,Standard,399,15.3,0,3,41,54,Yes
1283,2023-12-21,Standard,399,9.7,8,1,26,49,Yes
1284,2022-01-09,Standard,399,9.5,5,3,50,45,Yes
1285,2022-03-26,Premium,699,17.3,2,3,47,30,Yes
1286,2024-11-10,Basic,199,7.6,0,0,15,18,No
1287,2023-04-13,Basic,199,4.4,4,0,34,83,No
1288,2023-04-20,Standard,399,4.1,6,3,34,76,Yes
1289,2023-11-21,Standard,399,9.2,8,0,27,9,Yes
1290,2023-04-19,Basic,199,8.8,5,1,34,8,No
1291,2022-02-15,Standard,399,7.8,0,3,48,71,Yes
1292,2024-03-22,Standard,399,13.7,0,4,23,38,Yes
1293,2022-12-23,Standard,399,2.5,5,4,38,59,Yes
1294,2024-04-19,Basic,199,7.2,9,1,22,9,Yes
1295,2023-07-13,Basic,199,15.3,2,2,31,9,No
1296,2023-12-29,Standard,399,3.8,3,3,26,64,Yes
1297,2023-12-25,Basic,199,10.5,5,3,26,82,Yes
1298,2022-09-01,Basic,199,11.5,8,0,42,54,Yes
1299,2022-08-09,Standard,399,1.5,9,3,43,86,No
1300,2024-04-16,Premium,699,9.5,1,2,22,74,No
1301,2023-11-23,Basic,199,10.8,7,1,27,10,Yes
1302,2022-04-28,Standard,399,3.4,8,0,46,27,Yes
1303,2022-04-02,Standard,399,11.4,6,0,47,59,Yes
1304,2022-12-08,Premium,699,14.7,1,0,38,45,Yes
1305,2023-09-07,Standard,399,9.1,4,2,29,34,Yes
1306,2024-05-08,Standard,399,9.5,8,1,21,50,Yes
1307,2024-06-18,Premium,699,4.5,3,1,20,10,No
1308,2023-07-06,Basic,199,13.7,0,0,32,68,Yes
1309,2024-05-06,Standard,399,9.7,7,2,21,52,Yes
1310,2022-11-08,Premium,699,15.8,7,2,40,70,No
1311,2022-07-21,Standard,399,19.9,0,0,43,30,No
1312,2024-05-21,Basic,199,13.8,4,4,21,64,Yes
1313,2022-06-03,Standard,399,17.8,2,4,45,16,Yes
1314,2024-10-29,Standard,399,9.9,8,1,15,46,No
1315,2023-07-30,Standard,399,8.8,4,1,31,65,No
1316,2023-02-10,Basic,199,11.0,9,4,36,70,Yes
1317,2024-04-14,Standard,399,18.6,9,0,22,35,No
1318,2022-04-27,Standard,399,15.7,7,3,46,4,Yes
1319,2022-02-28,Standard,399,17.0,8,4,48,15,Yes
1320,2022-08-02,Basic,199,11.2,3,1,43,2,No
1321,2023-01-24,Standard,399,9.4,4,0,37,36,No
1322,2022-07-23,Premium,699,5.3,8,0,43,74,Yes
1323,2022-02-27,Premium,699,5.6,2,3,48,18,Yes
1324,2022-06-21,Standard,399,14.1,2,2,44,68,No
1325,2022-06-07,Basic,199,14.3,7,3,45,33,Yes
1326,2022-03-20,Premium,699,12.4,8,1,47,87,Yes
1327,2024-05-04,Basic,199,15.7,6,2,21,13,Yes
1328,2023-06-06,Premium,699,8.6,6,3,32,50,No
1329,2022-01-31,Standard,399,12.7,9,0,49,61,Yes
1330,2022-04-03,Standard,399,7.7,6,1,47,85,No
1331,2023-07-11,Standard,399,17.6,6,1,31,75,No
1332,2023-02-23,Basic,199,15.7,9,2,36,75,Yes
1333,2022-11-27,Basic,199,8.4,1,3,39,66,Yes
1334,2023-04-23,Basic,199,4.2,9,1,34,38,Yes
1335,2023-04-12,Premium,699,8.3,9,3,34,70,Yes
1336,2022-07-03,Standard,399,13.6,3,2,44,58,No
1337,2024-05-08,Standard,399,5.4,8,0,21,7,Yes
1338,2022-07-30,Basic,199,12.7,8,3,43,81,Yes
1339,2023-08-02,Premium,699,9.0,5,1,31,79,No
1340,2023-06-25,Standard,399,8.4,9,4,32,47,Yes
1341,2022-02-22,Basic,199,4.3,8,0,48,70,Yes
1342,2023-11-15,Basic,199,11.1,5,4,27,14,No
1343,2023-07-18,Premium,699,7.2,8,1,31,39,Yes
1344,2022-09-21,Standard,399,8.2,0,1,41,45,No
1345,2023-11-07,Premium,699,2.3,1,0,27,71,No
1346,2022-12-23,Premium,699,7.6,1,1,38,25,No
1347,2023-03-28,Basic,199,17.0,1,3,35,83,Yes
1348,2023-11-17,Premium,699,8.7,7,0,27,87,Yes
1349,2022-01-23,Basic,199,12.1,8,3,49,14,Yes
1350,2022-01-08,Standard,399,10.7,4,2,50,63,Yes
1351,2024-11-20,Basic,199,7.5,2,2,15,3,No
1352,2024-06-09,Standard,399,11.5,9,0,20,67,No
1353,2023-02-04,Premium,699,8.1,3,4,37,76,Yes
1354,2023-11-29,Standard,399,17.8,5,0,27,86,No
1355,2024-10-26,Premium,699,4.0,1,1,16,56,No
1356,2024-09-14,Basic,199,11.1,0,4,17,55,Yes
1357,2023-01-26,Premium,699,7.9,1,2,37,48,Yes
1358,2024-01-24,Premium,699,12.0,3,0,25,36,No
1359,2024-05-13,Premium,699,0.5,0,4,21,51,Yes
1360,2023-05-18,Standard,399,9.9,9,1,33,42,No
1361,2022-08-27,Standard,399,4.8,3,4,42,8,Yes
1362,2024-12-14,Premium,699,7.0,8,1,14,62,Yes
1363,2022-02-16,Basic,199,7.6,1,1,48,84,No
1364,2024-04-29,Premium,699,14.7,4,2,22,56,Yes
1365,2024-08-06,Basic,199,13.8,0,0,18,48,No
1366,2022-11-02,Standard,399,7.4,9,1,40,87,Yes
1367,2023-02-07,Standard,399,2.2,0,4,36,59,Yes
1368,2022-08-02,Standard,399,5.9,1,2,43,6,No
1369,2022-07-30,Basic,199,4.3,5,2,43,21,No
1370,2022-08-21,Standard,399,13.5,4,0,42,39,No
1371,2024-07-16,Basic,199,8.2,2,0,19,19,No
1372,2024-12-03,Standard,399,15.8,4,4,14,16,Yes
1373,2023-01-10,Basic,199,12.2,5,4,37,32,Yes
1374,2024-05-03,Standard,399,5.9,2,4,21,85,Yes
1375,2024-05-30,Basic,199,6.1,1,3,21,78,Yes
1376,2023-08-24,Basic,199,1.6,9,0,30,8,No
1377,2024-05-18,Standard,399,13.1,7,0,21,18,Yes
1378,2024-04-13,Standard,399,9.8,0,1,22,31,Yes
1379,2024-11-23,Premium,699,5.0,0,2,15,1,No
1380,2023-10-30,Standard,399,11.9,1,1,28,8,No
1381,2024-02-17,Standard,399,8.0,3,2,24,1,No
1382,2023-11-08,Premium,699,4.4,0,1,27,49,No
1383,2023-03-20,Standard,399,11.6,6,1,35,82,Yes
1384,2022-02-07,Premium,699,7.9,0,0,49,26,No
1385,2024-03-15,Basic,199,14.0,0,2,23,29,No
1386,2024-08-12,Basic,199,9.4,0,1,18,18,No
1387,2024-02-05,Basic,199,9.9,2,4,24,76,Yes
1388,2023-02-03,Standard,399,10.5,9,2,37,87,Yes
1389,2022-06-18,Standard,399,15.9,4,1,44,5,No
1390,2024-07-10,Basic,199,8.6,3,0,19,65,No
1391,2022-12-29,Premium,699,2.0,2,4,38,10,Yes
1392,2023-11-11,Basic,199,13.6,0,4,27,68,Yes
1393,2023-12-28,Basic,199,14.2,1,3,26,37,Yes
1394,2022-07-28,Premium,699,11.5,7,2,43,71,Yes
1395,2022-02-01,Basic,199,10.9,3,3,49,64,No
1396,2024-06-02,Premium,699,1.1,6,3,20,64,Yes
1397,2024-09-09,Basic,199,14.0,5,2,17,67,No
1398,2024-03-20,Standard,399,3.5,3,4,23,81,No
1399,2022-08-08,Standard,399,8.8,7,3,43,52,No
1400,2022-05-31,Standard,399,9.3,8,1,45,21,Yes
1401,2022-06-10,Basic,199,9.5,4,0,45,15,No
1402,2023-11-04,Premium,699,5.1,9,0,27,39,Yes
1403,2024-07-13,Basic,199,13.7,6,3,19,29,Yes
1404,2023-05-11,Basic,199,16.9,1,1,33,65,No
1405,2023-05-19,Basic,199,19.2,9,3,33,70,Yes
1406,2024-01-24,Premium,699,12.7,6,3,25,24,Yes
1407,2023-05-10,Premium,699,0.6,8,4,33,83,Yes
1408,2024-10-29,Standard,399,8.2,3,0,15,15,No
1409,2022-12-18,Standard,399,8.6,2,4,38,58,Yes
1410,2024-06-15,Basic,199,15.6,6,4,20,46,Yes
1411,2024-07-14,Basic,199,12.1,1,3,19,14,Yes
1412,2022-03-10,Basic,199,5.1,2,1,48,52,No
1413,2024-03-31,Standard,399,8.6,0,4,23,64,Yes
1414,2024-08-06,Basic,199,13.5,7,0,18,34,Yes
1415,2024-03-09,Premium,699,9.5,5,3,23,32,Yes
1416,2023-02-27,Basic,199,8.1,5,1,36,31,No
1417,2023-10-26,Basic,199,0.5,1,1,28,80,No
1418,2023-01-16,Basic,199,9.0,8,3,37,45,Yes
1419,2022-07-10,Standard,399,5.3,6,1,44,36,No
1420,2022-12-05,Basic,199,14.6,1,4,39,68,Yes
1421,2024-06-29,Standard,399,13.6,9,0,20,46,Yes
1422,2024-03-29,Premium,699,0.5,2,4,23,14,Yes
1423,2024-11-03,Premium,699,0.7,1,1,15,9,No
1424,2022-12-24,Premium,699,15.4,9,3,38,25,Yes
1425,2024-03-04,Basic,199,2.4,6,1,23,87,No
1426,2023-04-11,Premium,699,22.4,7,0,34,34,Yes
1427,2023-12-18,Standard,399,6.4,1,4,26,37,Yes
1428,2024-08-16,Standard,399,9.2,4,4,18,27,Yes
1429,2022-06-30,Standard,399,12.9,2,3,44,77,Yes
1430,2024-07-22,Basic,199,11.4,2,3,19,1,Yes
1431,2023-02-20,Basic,199,17.7,0,0,36,65,No
1432,2024-12-25,Basic,199,7.9,8,3,14,23,Yes
1433,2023-08-15,Standard,399,16.3,0,2,30,69,No
1434,2024-06-22,Basic,199,15.0,9,4,20,48,Yes
1435,2024-10-20,Basic,199,14.5,7,3,16,33,Yes
1436,2024-01-23,Standard,399,16.1,0,3,25,14,Yes
1437,2022-04-16,Premium,699,6.4,7,4,46,4,Yes
1438,2023-01-07,Standard,399,14.8,5,2,38,23,Yes
1439,2024-04-13,Basic,199,6.7,3,3,22,61,Yes
1440,2023-08-20,Premium,699,4.2,4,1,30,71,No
1441,2023-06-26,Basic,199,13.1,9,1,32,71,Yes
1442,2024-02-15,Basic,199,13.4,9,0,24,79,Yes
1443,2023-04-23,Premium,699,12.6,9,3,34,79,Yes
1444,2023-01-11,Premium,699,0.5,8,4,37,1,No
1445,2023-09-02,Premium,699,15.3,2,0,30,58,No
1446,2024-06-15,Premium,699,14.9,0,0,20,81,No
1447,2023-05-22,Basic,199,9.6,9,1,33,85,Yes
1448,2022-05-11,Premium,699,12.8,3,3,46,7,Yes
1449,2023-08-11,Standard,399,5.6,7,3,30,21,Yes
1450,2024-09-13,Basic,199,13.8,4,3,17,87,Yes
1451,2022-08-10,Basic,199,13.6,0,1,42,35,No
1452,2022-09-26,Standard,399,8.0,4,3,41,42,No
1453,2023-04-26,Basic,199,14.4,3,0,34,40,No
1454,2023-04-15,Basic,199,5.8,1,4,34,43,No
1455,2023-01-24,Premium,699,11.3,1,3,37,69,Yes
1456,2023-03-04,Standard,399,7.4,7,0,36,53,Yes
1457,2022-06-28,Basic,199,10.6,5,0,44,69,No
1458,2022-03-13,Standard,399,9.5,3,2,48,8,No
1459,2024-08-26,Premium,699,8.1,5,0,18,28,Yes
1460,2023-02-03,Basic,199,13.7,9,2,37,40,No
1461,2024-10-07,Standard,399,7.3,8,0,16,9,Yes
1462,2023-07-06,Basic,199,13.1,1,4,32,75,Yes
1463,2023-09-18,Basic,199,0.5,0,3,29,15,Yes
1464,2023-06-26,Premium,699,10.2,6,1,32,7,No
1465,2024-07-27,Premium,699,10.3,3,0,19,3,Yes
1466,2024-04-14,Basic,199,8.5,6,1,22,52,No
1467,2022-12-19,Premium,699,3.0,2,1,38,73,Yes
1468,2022-07-29,Standard,399,11.8,7,0,43,6,Yes
1469,2023-10-25,Premium,699,9.0,1,0,28,77,No
1470,2024-08-03,Standard,399,11.2,7,1,18,83,Yes
1471,2024-02-13,Standard,399,6.4,2,1,24,53,Yes
1472,2024-11-25,Premium,699,15.5,9,4,15,18,Yes
1473,2023-03-20,Basic,199,13.9,2,4,35,42,Yes
1474,2022-09-20,Basic,199,7.7,5,0,41,50,No
1475,2022-09-01,Premium,699,6.9,0,2,42,88,Yes
1476,2022-02-25,Standard,399,0.5,1,3,48,57,Yes
1477,2022-10-28,Basic,199,12.4,1,1,40,21,No
1478,2022-11-16,Basic,199,10.5,0,0,39,73,No
1479,2022-04-21,Standard,399,14.7,8,3,46,79,No
1480,2024-03-11,Standard,399,18.4,6,2,23,14,No
1481,2022-05-13,Standard,399,1.4,1,0,45,59,Yes
1482,2023-07-21,Standard,399,7.9,0,3,31,85,Yes
1483,2024-02-26,Basic,199,11.1,6,3,24,41,Yes
1484,2023-05-31,Premium,699,13.2,7,4,33,31,No
1485,2024-10-25,Standard,399,0.9,3,0,16,31,No
1486,2022-03-14,Standard,399,15.0,9,4,47,50,Yes
1487,2022-03-08,Basic,199,6.8,0,0,48,89,No
1488,2022-04-10,Premium,699,0.5,4,0,47,11,No
1489,2024-08-25,Premium,699,11.4,8,3,18,29,Yes
1490,2022-08-20,Basic,199,6.7,8,2,42,65,Yes
1491,2022-10-05,Standard,399,13.0,6,3,41,89,Yes
1492,2024-08-05,Basic,199,0.8,0,0,18,10,No
1493,2024-07-05,Basic,199,12.2,7,2,19,2,Yes
1494,2022-09-17,Basic,199,15.9,9,0,41,30,Yes
1495,2024-01-16,Premium,699,9.8,2,2,25,76,No
1496,2023-03-07,Standard,399,19.5,5,3,36,27,Yes
1497,2022-05-16,Standard,399,10.6,4,4,45,67,No
1498,2024-02-15,Premium,699,10.5,4,1,24,22,Yes
1499,2023-08-29,Premium,699,18.5,4,4,30,87,Yes
1500,2022-12-14,Basic,199,13.3,0,1,38,39,No
